Attrition_Flag,Customer_Age,Dependent_count,Education_Level,Income_Category,Card_Category,Months_on_book,Total_Relationship_Count,Months_Inactive_12_mon,Contacts_Count_12_mon,Credit_Limit,Total_Revolving_Bal,Total_Trans_Amt,Total_Trans_Ct,Avg_Utilization_Ratio
1,43.0,2,2.0,0.0,0.0,36,3,3,3,20156.0,1759,1362,28,0.087
1,43.0,4,1.0,0.0,0.0,34,5,3,3,1971.0,979,5446,75,0.497
1,49.0,3,1.0,1.0,0.0,32,1,3,3,5400.0,1426,4643,80,0.264
1,45.0,3,0.0,1.0,0.0,31,5,5,3,2016.0,1303,3243,63,0.646
1,35.0,0,0.0,1.0,0.0,36,3,1,2,17236.0,0,3013,78,0.0
1,50.0,3,0.0,2.0,0.0,40,6,2,4,4514.0,2016,4107,59,0.447
1,43.0,2,1.0,2.0,0.0,36,4,1,4,13430.0,2356,3717,67,0.175
1,52.0,0,0.0,0.0,0.0,34,4,4,3,2001.0,960,4026,86,0.48
1,35.0,2,0.0,0.0,0.0,36,2,1,2,1507.0,0,4679,85,0.0
1,61.0,0,1.0,1.0,0.0,49,4,3,4,3352.0,1713,1952,50,0.511
1,43.0,3,1.0,0.0,1.0,36,6,2,2,11392.0,0,3246,63,0.0
1,44.0,3,0.0,0.0,0.0,33,5,3,5,3075.0,2517,3534,53,0.819
1,56.0,1,2.0,1.0,0.0,46,5,2,4,5248.0,1816,2305,45,0.346
1,37.0,1,1.0,0.0,1.0,19,4,3,3,12535.0,2049,3283,74,0.163
1,26.0,0,1.0,1.0,0.0,36,5,2,3,2657.0,1611,2349,41,0.606
0,43.0,2,1.0,0.0,0.0,36,5,2,3,4020.0,0,1952,39,0.0
1,46.0,3,1.0,1.0,0.0,37,6,2,5,2403.0,0,3393,64,0.0
1,56.0,4,0.0,2.0,0.0,49,3,4,2,4310.0,2229,1645,33,0.517
1,47.0,5,0.0,1.0,0.0,42,2,2,3,5168.0,2265,8211,80,0.438
1,52.0,2,2.0,2.0,0.0,40,6,1,3,8695.0,1407,2030,58,0.162
1,48.0,3,1.0,0.0,0.0,38,3,3,3,6448.0,1087,4990,85,0.169
0,41.0,3,2.0,2.0,0.0,33,3,2,3,7591.0,0,2302,42,0.0
1,44.0,4,0.0,1.0,0.0,33,4,3,3,1714.0,0,4180,71,0.0
1,58.0,3,0.0,1.0,0.0,40,6,1,3,8308.0,2517,1915,37,0.303
1,43.0,4,0.0,0.0,0.0,36,5,3,3,3006.0,879,5125,87,0.292
1,33.0,2,0.0,1.0,0.0,23,4,2,4,6732.0,0,1644,45,0.0
1,57.0,3,0.0,1.0,0.0,49,4,2,3,7578.0,1628,1325,29,0.215
1,51.0,2,1.0,0.0,0.0,32,1,3,2,15048.0,2517,7592,96,0.167
1,43.0,2,0.0,0.0,0.0,30,1,3,2,2248.0,1853,7739,101,0.824
1,45.0,3,1.0,0.0,1.0,36,3,2,2,14521.0,0,4178,66,0.0
1,38.0,2,0.0,1.0,0.0,36,3,3,1,2801.0,1980,1600,45,0.707
1,49.0,4,0.0,2.0,0.0,40,3,1,1,8714.0,2252,1536,38,0.258
1,31.0,1,2.0,1.0,0.0,20,5,3,3,13734.0,0,2566,74,0.0
1,49.0,2,0.0,0.0,0.0,37,5,1,4,2934.0,2381,3396,64,0.812
1,41.0,4,1.0,2.0,0.0,27,4,2,4,12270.0,0,4578,67,0.0
1,65.0,0,0.0,1.0,0.0,54,5,1,4,9383.0,829,5783,73,0.088
1,45.0,3,0.0,2.0,0.0,26,3,2,2,18410.0,974,3778,83,0.053
1,39.0,4,1.0,1.0,2.0,34,3,3,2,34516.0,542,3899,78,0.016
1,43.0,2,0.0,1.0,0.0,36,6,1,4,3186.0,2470,1531,37,0.775
1,46.0,4,0.0,2.0,0.0,38,5,1,2,28327.0,582,3475,52,0.021
1,44.0,2,1.0,0.0,0.0,37,4,3,3,5589.0,1336,4262,75,0.239
1,47.0,1,0.0,0.0,0.0,36,5,2,3,1438.3,735,4220,87,0.511
1,65.0,1,1.0,0.0,0.0,56,4,3,3,23566.0,1670,3129,79,0.071
1,42.0,4,0.0,1.0,0.0,32,4,1,2,5504.0,0,1364,32,0.0
1,41.0,3,2.0,1.0,0.0,29,6,1,3,14345.0,960,4045,72,0.067
1,31.0,1,1.0,2.0,0.0,36,4,3,3,4260.0,1775,2109,52,0.417
1,45.0,4,0.0,0.0,0.0,35,3,4,2,8795.0,2517,4552,81,0.286
1,38.0,1,1.0,0.0,0.0,31,3,1,3,7234.0,0,5198,75,0.0
1,36.0,2,1.0,3.0,0.0,28,4,3,0,3174.0,2462,3140,74,0.776
1,46.0,1,0.0,2.0,0.0,33,3,1,2,13324.0,0,4245,76,0.0
1,43.0,2,2.0,2.0,0.0,36,3,3,3,10851.0,1101,3688,65,0.101
1,52.0,0,1.0,0.0,0.0,37,6,2,2,7608.0,2373,4921,81,0.312
1,57.0,2,0.0,2.0,0.0,52,6,3,4,32409.0,0,4218,66,0.0
1,48.0,4,0.0,1.0,0.0,41,4,1,3,9728.0,0,3756,57,0.0
1,47.0,3,0.0,0.0,0.0,40,1,3,0,7114.0,1637,4758,81,0.23
1,44.0,3,0.0,1.0,0.0,36,4,3,1,22919.0,1368,3752,71,0.06
1,45.0,4,0.0,2.0,0.0,38,2,3,3,3798.0,1570,4512,80,0.413
1,34.0,2,0.0,3.0,0.0,17,3,1,2,5030.0,2326,3345,69,0.462
1,42.0,3,1.0,1.0,0.0,37,2,3,1,17887.0,1821,14544,116,0.102
1,42.0,3,1.0,0.0,0.0,33,6,3,3,2363.0,1495,4420,65,0.633
1,45.0,2,1.0,0.0,0.0,37,6,2,2,6091.0,0,3340,60,0.0
1,57.0,2,0.0,0.0,0.0,46,5,1,1,5184.0,1856,1834,55,0.358
1,31.0,2,1.0,2.0,1.0,22,2,3,2,34516.0,1780,14185,98,0.052
1,52.0,2,0.0,0.0,0.0,48,3,2,4,5299.0,578,4509,79,0.109
1,43.0,2,0.0,2.0,0.0,34,5,3,2,1452.0,0,4571,72,0.0
1,30.0,1,0.0,0.0,0.0,22,5,3,4,12539.0,910,2643,72,0.073
1,34.0,2,0.0,0.0,0.0,24,6,2,2,1438.3,0,3940,82,0.0
1,42.0,2,1.0,1.0,1.0,36,6,2,1,16290.0,0,4232,79,0.0
1,47.0,3,0.0,3.0,0.0,28,3,2,2,11629.0,802,3752,78,0.069
1,62.0,1,1.0,1.0,0.0,44,5,2,2,14825.0,962,1904,49,0.065
1,42.0,3,1.0,3.0,0.0,36,3,2,1,21670.0,2183,4121,81,0.101
1,48.0,3,0.0,1.0,0.0,40,6,3,3,4476.0,0,3350,67,0.0
1,42.0,3,1.0,2.0,0.0,26,1,2,3,8480.0,1339,4070,76,0.158
1,46.0,4,0.0,0.0,0.0,28,6,3,4,3206.0,0,3253,72,0.0
1,46.0,1,0.0,0.0,0.0,39,2,2,1,2029.0,1074,4802,90,0.529
1,43.0,4,1.0,0.0,0.0,29,6,3,3,3767.0,976,3163,60,0.259
1,42.0,3,0.0,0.0,0.0,28,6,2,4,2029.0,1377,4014,86,0.679
1,57.0,4,0.0,0.0,0.0,47,5,3,4,3191.0,2517,1501,35,0.789
1,38.0,2,1.0,0.0,0.0,25,5,1,2,9874.0,1059,4369,70,0.107
1,54.0,2,1.0,3.0,0.0,46,6,1,2,28465.0,0,1693,37,0.0
1,36.0,4,1.0,1.0,0.0,36,6,3,3,1628.0,969,1893,15,0.595
1,53.0,2,1.0,0.0,0.0,35,1,2,3,2199.0,693,7342,86,0.315
1,61.0,1,1.0,0.0,0.0,54,3,2,2,3102.0,2091,1977,50,0.674
1,41.0,3,0.0,0.0,0.0,29,6,3,3,2429.0,1966,4775,84,0.809
1,58.0,2,0.0,0.0,1.0,46,6,1,4,11684.0,653,4900,61,0.056
1,37.0,4,2.0,1.0,0.0,31,6,3,0,1702.0,1018,4301,86,0.598
1,54.0,1,0.0,2.0,0.0,42,5,3,2,1618.0,668,1515,31,0.413
1,55.0,1,1.0,2.0,0.0,36,3,2,4,34516.0,2102,1612,33,0.061
1,47.0,3,1.0,1.0,0.0,36,4,2,2,2926.0,0,1304,24,0.0
1,34.0,2,0.0,1.0,0.0,28,3,3,3,2853.0,2420,1750,47,0.848
1,43.0,3,1.0,1.0,0.0,33,3,2,2,2900.0,2122,4656,59,0.732
1,38.0,3,0.0,1.0,2.0,26,2,2,1,23981.0,0,7872,103,0.0
1,40.0,4,0.0,1.0,0.0,36,3,2,3,22956.0,1407,5554,64,0.061
1,40.0,3,0.0,2.0,0.0,23,6,2,2,12559.0,0,4700,71,0.0
1,56.0,3,2.0,1.0,0.0,39,3,1,2,3955.0,2517,1238,25,0.636
1,47.0,3,1.0,0.0,0.0,41,6,1,4,5833.0,1747,3732,75,0.3
1,36.0,3,1.0,1.0,0.0,28,3,2,3,3701.0,969,3222,86,0.262
1,53.0,2,1.0,0.0,0.0,38,2,3,3,16592.0,1435,7642,89,0.086
0,31.0,0,1.0,0.0,0.0,36,3,2,3,6911.0,2517,8123,71,0.364
1,36.0,3,1.0,0.0,0.0,36,5,2,3,1964.0,0,4240,60,0.0
1,48.0,5,0.0,1.0,1.0,34,5,0,2,17657.0,2018,1682,39,0.114
1,37.0,3,0.0,1.0,0.0,36,3,1,5,8418.0,2051,2879,63,0.244
1,52.0,2,0.0,2.0,0.0,43,4,3,4,31258.0,1518,2866,53,0.049
1,43.0,3,0.0,0.0,0.0,36,3,3,2,1438.3,0,4401,73,0.0
1,34.0,3,0.0,1.0,0.0,24,3,1,4,8167.0,1740,2141,51,0.213
0,46.0,4,2.0,0.0,0.0,26,3,3,6,15195.0,0,2631,41,0.0
1,36.0,3,0.0,1.0,0.0,25,6,2,4,3645.0,2517,4142,74,0.691
1,50.0,2,0.0,1.0,0.0,44,5,3,1,2205.0,1659,4813,77,0.752
1,45.0,4,0.0,1.0,0.0,36,6,1,1,11498.0,1577,4014,70,0.137
1,46.0,3,1.0,1.0,0.0,38,2,3,3,10018.0,829,13819,114,0.083
1,54.0,1,0.0,0.0,0.0,42,3,5,4,2474.0,1539,4884,80,0.622
1,43.0,5,0.0,1.0,0.0,36,5,3,2,2311.0,1320,3967,71,0.571
1,63.0,0,0.0,0.0,0.0,48,5,2,1,1438.3,0,3383,61,0.0
1,42.0,3,0.0,2.0,0.0,29,3,1,1,6380.0,1238,4119,66,0.194
1,37.0,2,0.0,0.0,0.0,36,4,2,2,5723.0,1873,2732,63,0.327
1,29.0,1,1.0,0.0,0.0,23,4,3,4,4945.0,0,2743,69,0.0
1,59.0,1,0.0,0.0,0.0,52,2,1,1,7427.0,2421,4636,91,0.326
1,47.0,4,2.0,1.0,0.0,36,4,2,5,20237.0,1593,15041,102,0.079
1,30.0,2,0.0,0.0,0.0,23,4,2,0,2997.0,1393,1577,35,0.465
1,36.0,0,1.0,1.0,0.0,31,5,1,2,7667.0,0,1501,35,0.0
1,44.0,3,1.0,0.0,0.0,31,5,6,2,2679.0,727,4804,78,0.271
1,51.0,4,0.0,3.0,1.0,39,5,2,1,34516.0,1959,3997,54,0.057
1,40.0,3,1.0,1.0,0.0,27,2,2,3,7680.0,1589,13617,105,0.207
1,48.0,4,0.0,0.0,0.0,44,4,3,0,2231.0,0,3946,48,0.0
0,43.0,3,2.0,1.0,3.0,31,2,3,4,23981.0,593,4758,65,0.025
1,38.0,2,0.0,1.0,0.0,31,4,3,3,6116.0,1698,1592,32,0.278
0,59.0,0,2.0,1.0,0.0,40,1,4,1,1438.3,0,689,23,0.0
1,42.0,3,1.0,0.0,0.0,35,5,2,4,5596.0,1086,3896,65,0.194
1,35.0,3,1.0,1.0,1.0,17,6,3,2,16659.0,0,2551,74,0.0
1,61.0,1,0.0,0.0,0.0,47,4,2,3,1438.3,0,1449,27,0.0
1,28.0,0,1.0,0.0,0.0,18,5,1,3,2943.0,1789,2591,55,0.608
1,49.0,3,1.0,0.0,0.0,43,2,3,2,2174.0,785,3890,78,0.361
1,49.0,4,1.0,0.0,0.0,36,6,4,2,3298.0,2200,1052,32,0.667
1,45.0,3,0.0,2.0,0.0,33,2,3,3,9303.0,1580,7825,87,0.17
1,62.0,0,0.0,1.0,0.0,56,6,1,2,4467.0,0,4007,74,0.0
1,53.0,2,1.0,1.0,0.0,36,6,2,4,2956.0,1391,2116,63,0.471
1,52.0,2,0.0,0.0,0.0,36,3,3,3,2846.0,1606,5092,86,0.564
1,46.0,2,1.0,2.0,0.0,41,4,2,0,21526.0,2332,1313,37,0.108
1,50.0,3,0.0,0.0,0.0,38,4,3,4,1438.3,0,4740,81,0.0
1,30.0,1,1.0,0.0,0.0,13,3,3,3,21590.0,2517,2567,70,0.117
1,43.0,3,1.0,0.0,0.0,38,2,2,2,1530.0,0,5138,84,0.0
1,47.0,4,1.0,1.0,0.0,29,6,1,3,2636.0,1589,3858,70,0.603
1,54.0,1,0.0,1.0,0.0,37,5,1,1,9453.0,2188,1688,45,0.231
1,47.0,4,0.0,1.0,0.0,34,5,2,3,4592.0,1635,1772,52,0.356
0,46.0,0,1.0,2.0,0.0,39,2,3,3,16983.0,0,8526,79,0.0
1,49.0,3,1.0,0.0,0.0,42,4,2,3,4349.0,1400,4694,84,0.322
1,41.0,4,0.0,1.0,0.0,29,5,4,2,3600.0,746,4184,61,0.207
1,53.0,1,1.0,2.0,0.0,45,6,3,2,1826.0,883,2199,48,0.484
1,30.0,1,0.0,1.0,0.0,18,5,1,3,4726.0,1380,1723,31,0.292
1,51.0,0,0.0,3.0,0.0,41,4,1,0,23898.0,0,3781,66,0.0
1,37.0,2,0.0,0.0,0.0,27,6,1,3,3061.0,2517,5032,89,0.822
1,53.0,1,1.0,2.0,1.0,36,2,2,2,34516.0,1484,16373,114,0.043
1,44.0,3,1.0,1.0,0.0,35,6,3,1,6327.0,0,3653,77,0.0
1,44.0,2,1.0,0.0,0.0,34,3,2,1,2429.0,1687,4122,74,0.695
1,57.0,3,2.0,0.0,0.0,36,4,3,2,2525.0,1203,4360,78,0.476
0,42.0,2,0.0,1.0,0.0,30,1,3,3,3032.0,0,2273,44,0.0
1,37.0,3,0.0,1.0,0.0,19,3,3,4,2186.0,1185,2614,67,0.542
1,59.0,0,1.0,1.0,0.0,53,4,2,2,4386.0,2505,4064,65,0.571
1,53.0,2,2.0,2.0,0.0,36,5,1,2,3610.0,1629,1652,40,0.451
1,65.0,0,1.0,1.0,0.0,49,3,2,3,13921.0,1201,4351,75,0.086
1,37.0,3,2.0,1.0,0.0,28,4,1,2,3645.0,701,15559,120,0.192
1,29.0,1,0.0,0.0,0.0,36,1,1,2,2763.0,1879,4660,80,0.68
1,50.0,2,0.0,0.0,0.0,37,6,5,2,1438.3,754,4457,69,0.524
1,60.0,0,0.0,1.0,0.0,47,3,3,3,9452.0,2517,1825,50,0.266
0,45.0,4,1.0,0.0,0.0,34,3,2,1,1438.3,0,2153,35,0.0
1,49.0,1,1.0,0.0,0.0,44,5,2,1,3537.0,0,4726,78,0.0
1,53.0,3,1.0,0.0,0.0,43,4,2,3,1438.3,721,4606,86,0.501
1,49.0,2,0.0,0.0,0.0,41,5,1,3,2189.0,1860,4195,81,0.85
1,51.0,4,1.0,0.0,0.0,36,5,3,2,1571.0,0,4580,74,0.0
1,39.0,2,0.0,2.0,0.0,34,6,3,3,8823.0,1541,1961,32,0.175
1,36.0,3,0.0,0.0,0.0,30,6,2,2,3399.0,2173,1571,34,0.639
1,40.0,4,0.0,0.0,0.0,29,2,3,3,3326.0,2181,13583,110,0.656
1,54.0,2,0.0,0.0,0.0,41,5,2,4,1438.3,814,4217,72,0.566
1,37.0,2,2.0,3.0,0.0,32,3,3,5,32056.0,1887,2730,68,0.059
1,45.0,3,0.0,2.0,0.0,37,6,2,2,10651.0,672,2073,54,0.063
1,42.0,3,0.0,1.0,0.0,30,3,3,4,4333.0,739,15903,100,0.171
1,47.0,1,0.0,0.0,0.0,36,6,5,1,5222.0,2517,4433,81,0.482
1,38.0,1,0.0,2.0,0.0,24,4,3,2,13363.0,1230,1815,33,0.092
1,39.0,2,1.0,1.0,0.0,36,6,3,3,1982.0,1751,4313,62,0.883
1,49.0,4,0.0,2.0,0.0,38,4,3,0,31302.0,1953,1564,35,0.062
1,57.0,1,0.0,2.0,0.0,36,3,2,2,6543.0,2260,1519,31,0.345
0,45.0,3,0.0,0.0,0.0,35,3,2,6,3512.0,2517,1801,48,0.717
1,53.0,0,0.0,1.0,0.0,39,5,2,2,2875.0,1671,4399,88,0.581
1,43.0,3,0.0,3.0,0.0,36,3,1,3,34516.0,0,1996,48,0.0
1,46.0,5,1.0,2.0,0.0,36,1,2,3,13187.0,2241,15354,112,0.17
1,62.0,0,0.0,1.0,0.0,50,5,2,2,14314.0,656,4355,70,0.046
1,34.0,3,1.0,1.0,0.0,25,6,2,2,2275.0,1468,4977,88,0.645
1,53.0,3,0.0,1.0,0.0,40,6,3,3,3326.0,1442,1627,54,0.434
1,53.0,1,2.0,0.0,0.0,48,4,3,3,2267.0,1469,3709,64,0.648
1,33.0,3,1.0,0.0,0.0,23,6,4,1,2562.0,1968,2256,70,0.768
1,46.0,2,1.0,0.0,0.0,38,4,3,0,2888.0,2245,1111,26,0.777
1,49.0,2,0.0,0.0,0.0,34,6,1,3,3017.0,0,4389,72,0.0
1,54.0,1,0.0,2.0,0.0,36,6,2,2,30011.0,1232,1676,41,0.041
1,60.0,0,0.0,1.0,0.0,46,6,2,1,1781.0,1551,3527,66,0.871
1,48.0,4,1.0,1.0,2.0,33,2,2,3,34516.0,2061,1350,32,0.06
0,48.0,3,2.0,0.0,0.0,39,3,3,4,1644.0,500,2450,45,0.304
1,43.0,2,0.0,0.0,0.0,36,5,1,0,6931.0,1380,4437,64,0.199
1,65.0,1,0.0,1.0,0.0,54,6,2,3,9095.0,1587,1314,26,0.174
1,57.0,3,0.0,0.0,1.0,36,6,3,2,34516.0,1698,3498,68,0.049
1,47.0,2,0.0,2.0,0.0,36,6,2,1,2514.0,1845,3696,71,0.734
1,32.0,1,0.0,1.0,1.0,16,3,3,1,17894.0,2517,15305,111,0.141
1,43.0,2,2.0,3.0,0.0,36,3,3,2,10700.0,1346,4054,68,0.126
1,35.0,3,0.0,1.0,0.0,22,5,2,2,6985.0,1130,1694,44,0.162
1,47.0,3,1.0,1.0,0.0,37,4,4,0,8567.0,1695,1457,41,0.198
1,40.0,3,1.0,2.0,0.0,21,3,2,0,1804.0,1040,5308,78,0.576
1,35.0,3,1.0,2.0,0.0,20,5,3,4,8082.0,2307,1725,29,0.285
1,45.0,3,0.0,1.0,0.0,39,5,1,3,12691.0,777,1144,42,0.061
0,43.0,1,1.0,2.0,0.0,37,4,2,3,25517.0,321,2508,44,0.013
1,46.0,2,1.0,3.0,1.0,39,2,2,3,34516.0,1381,14696,114,0.04
1,45.0,4,0.0,0.0,0.0,40,1,2,2,7600.0,1574,4240,67,0.207
1,53.0,2,1.0,0.0,0.0,43,2,1,3,2160.0,2057,4518,93,0.952
1,48.0,5,2.0,1.0,0.0,30,6,3,2,5826.0,1482,4135,76,0.254
1,42.0,5,1.0,0.0,0.0,36,4,2,2,8464.0,1002,4227,92,0.118
1,40.0,3,0.0,3.0,0.0,36,4,2,5,34516.0,1329,3906,77,0.039
1,43.0,2,2.0,1.0,0.0,36,4,1,3,2283.0,0,4088,66,0.0
1,54.0,2,0.0,1.0,0.0,34,4,3,4,6387.0,1597,1294,26,0.25
1,44.0,4,1.0,0.0,0.0,39,4,2,2,8128.0,1846,1224,32,0.227
1,36.0,3,1.0,1.0,0.0,28,4,2,3,8995.0,1547,2398,61,0.172
1,48.0,3,0.0,1.0,0.0,38,3,2,2,2151.0,0,4604,86,0.0
0,41.0,4,1.0,1.0,0.0,33,1,3,1,10360.0,2517,2414,28,0.243
1,42.0,3,1.0,1.0,1.0,26,6,2,2,15104.0,1204,4259,79,0.08
1,47.0,5,0.0,0.0,0.0,40,5,1,3,2950.0,2000,4742,79,0.678
0,59.0,1,0.0,0.0,0.0,46,2,3,2,7484.0,1939,4923,56,0.259
1,47.0,4,2.0,1.0,0.0,36,4,1,1,19665.0,706,1110,58,0.036
1,41.0,2,1.0,0.0,0.0,29,3,2,2,2683.0,1738,2274,52,0.648
1,57.0,2,0.0,2.0,0.0,48,6,4,3,13457.0,1044,3303,66,0.078
0,44.0,4,2.0,0.0,0.0,33,5,3,6,1438.3,0,2316,48,0.0
1,37.0,2,0.0,0.0,0.0,18,3,3,1,2023.0,1587,4391,79,0.784
1,45.0,2,0.0,0.0,3.0,36,1,3,1,15987.0,2262,15513,127,0.141
1,43.0,3,0.0,0.0,0.0,30,5,2,2,2415.0,1452,3970,68,0.601
1,37.0,0,2.0,2.0,0.0,27,5,2,3,15326.0,0,2990,55,0.0
1,48.0,4,1.0,0.0,0.0,40,3,3,3,2300.0,1906,4538,71,0.829
1,51.0,2,1.0,3.0,0.0,41,6,3,2,26714.0,2517,1686,50,0.094
1,50.0,4,0.0,2.0,0.0,43,2,2,5,16748.0,2413,15338,121,0.144
1,46.0,2,0.0,0.0,0.0,26,4,3,1,1870.0,1785,4347,88,0.955
0,49.0,3,0.0,0.0,0.0,33,6,3,3,2910.0,0,2648,41,0.0
1,56.0,2,1.0,0.0,0.0,46,5,3,3,3119.0,1778,4168,63,0.57
1,46.0,3,0.0,0.0,0.0,41,2,1,4,1515.0,0,3894,60,0.0
1,47.0,2,0.0,1.0,0.0,27,2,3,2,1536.0,0,4643,89,0.0
1,63.0,0,0.0,0.0,0.0,56,2,2,2,7264.0,851,3527,69,0.117
1,47.0,2,1.0,0.0,0.0,36,3,3,3,2677.0,1390,2170,63,0.519
0,55.0,3,1.0,1.0,1.0,45,2,3,1,18128.0,0,2503,49,0.0
1,46.0,1,0.0,0.0,0.0,40,6,4,3,2711.0,1793,5084,79,0.661
1,49.0,0,0.0,1.0,0.0,38,1,3,2,3599.0,0,13324,110,0.0
1,47.0,5,1.0,0.0,0.0,36,1,2,1,2761.0,1950,4510,88,0.706
1,50.0,3,0.0,0.0,0.0,38,4,2,1,2808.0,1720,5137,81,0.613
1,38.0,3,1.0,0.0,0.0,36,4,2,4,2396.0,2217,4593,74,0.925
1,40.0,1,1.0,0.0,0.0,30,5,1,1,7554.0,1848,4150,64,0.245
1,46.0,4,0.0,2.0,0.0,28,4,3,2,19843.0,1178,1638,49,0.059
1,50.0,2,2.0,2.0,0.0,38,6,2,2,25300.0,1330,837,15,0.053
1,36.0,2,2.0,1.0,0.0,29,5,3,3,7712.0,2517,1845,40,0.326
1,48.0,5,0.0,1.0,0.0,42,5,1,2,2465.0,1128,4030,86,0.458
1,46.0,1,1.0,3.0,0.0,30,6,2,2,2016.0,797,3772,62,0.395
1,44.0,4,0.0,1.0,1.0,40,1,1,2,18072.0,1378,8199,98,0.076
1,47.0,3,2.0,0.0,0.0,28,1,3,1,8257.0,961,13769,104,0.116
1,55.0,1,2.0,1.0,0.0,49,6,2,4,4597.0,2442,1504,38,0.531
1,43.0,3,2.0,1.0,0.0,31,4,2,1,11186.0,2231,3692,84,0.199
1,59.0,1,0.0,0.0,0.0,53,5,5,4,2192.0,1569,4010,79,0.716
0,43.0,3,1.0,0.0,0.0,38,5,2,4,4075.0,1986,2449,27,0.487
1,52.0,1,1.0,1.0,0.0,43,4,3,3,8748.0,2284,3533,73,0.261
1,59.0,0,0.0,0.0,0.0,36,4,1,2,1438.3,0,4155,62,0.0
1,46.0,1,0.0,2.0,0.0,36,2,3,2,17698.0,1769,8056,95,0.1
1,57.0,4,1.0,3.0,0.0,51,4,3,1,10711.0,1970,1180,29,0.184
0,34.0,3,1.0,0.0,2.0,36,6,3,2,15487.0,1847,7031,67,0.119
1,58.0,1,1.0,0.0,0.0,38,4,2,3,3331.0,2251,5379,92,0.676
1,42.0,3,1.0,0.0,0.0,36,4,2,2,2526.0,2048,4267,72,0.811
1,50.0,4,0.0,2.0,0.0,45,4,2,2,1687.0,992,4342,82,0.588
0,56.0,2,0.0,1.0,0.0,37,2,2,3,2963.0,0,2919,47,0.0
0,36.0,3,1.0,0.0,0.0,36,2,2,2,1707.0,0,2060,52,0.0
1,26.0,1,0.0,0.0,0.0,20,6,3,2,2590.0,1748,2804,52,0.675
1,26.0,0,0.0,1.0,0.0,15,4,1,3,2158.0,1695,1833,27,0.785
1,39.0,3,0.0,2.0,0.0,30,5,3,3,6347.0,569,3927,82,0.09
1,51.0,2,0.0,0.0,0.0,33,2,1,3,5625.0,1640,7890,75,0.292
1,39.0,2,0.0,2.0,2.0,33,1,3,2,34516.0,0,9179,113,0.0
1,44.0,3,0.0,0.0,0.0,36,2,3,3,6680.0,1839,7632,95,0.275
1,44.0,3,2.0,0.0,0.0,31,3,2,1,8320.0,0,4128,82,0.0
1,64.0,0,1.0,0.0,0.0,53,3,3,4,2084.0,1647,1597,37,0.79
1,33.0,4,1.0,0.0,0.0,22,5,1,2,2001.0,1217,3162,99,0.608
1,51.0,1,0.0,0.0,0.0,36,3,4,2,1857.0,1033,5149,90,0.556
1,39.0,3,1.0,1.0,0.0,29,4,2,3,6733.0,1028,4444,72,0.153
1,40.0,3,0.0,0.0,0.0,30,4,2,3,1620.0,1278,4530,69,0.789
1,40.0,3,0.0,3.0,1.0,30,6,3,2,34516.0,964,2922,71,0.028
1,50.0,1,0.0,3.0,0.0,36,6,3,2,20968.0,0,2823,61,0.0
1,45.0,3,1.0,1.0,1.0,31,2,1,3,34516.0,1509,7167,91,0.044
1,47.0,4,1.0,1.0,0.0,35,6,1,2,3560.0,751,4060,79,0.211
1,32.0,0,0.0,0.0,0.0,22,1,3,2,1438.3,713,5099,80,0.496
1,49.0,4,0.0,0.0,0.0,43,5,3,4,2574.0,1555,4134,62,0.604
1,48.0,4,1.0,2.0,0.0,36,6,4,1,22067.0,685,3577,64,0.031
1,34.0,2,1.0,3.0,0.0,28,4,3,3,13384.0,1853,1899,33,0.138
1,35.0,3,2.0,0.0,0.0,24,1,1,3,12287.0,770,4601,65,0.063
1,33.0,2,2.0,1.0,0.0,28,3,3,3,4049.0,0,1742,35,0.0
0,39.0,5,1.0,1.0,0.0,36,1,3,3,24657.0,633,1954,46,0.026
1,31.0,0,1.0,0.0,0.0,26,3,1,1,3540.0,1173,1912,45,0.331
1,49.0,4,1.0,1.0,0.0,42,3,3,2,2822.0,1501,4344,68,0.532
1,52.0,2,2.0,0.0,0.0,34,3,3,3,6265.0,1677,8162,89,0.268
1,46.0,3,0.0,0.0,0.0,38,4,2,2,1781.0,1315,4775,83,0.738
1,46.0,3,0.0,1.0,0.0,36,4,2,4,4707.0,1121,3188,71,0.238
1,45.0,3,0.0,0.0,0.0,28,5,1,2,2535.0,2440,1312,20,0.963
1,45.0,2,0.0,1.0,0.0,30,3,1,3,21815.0,0,3904,72,0.0
1,50.0,3,0.0,2.0,1.0,41,2,2,1,34516.0,0,15059,118,0.0
1,32.0,3,1.0,2.0,0.0,21,4,3,5,21390.0,0,2477,59,0.0
1,42.0,3,0.0,0.0,0.0,31,3,1,4,7762.0,1319,5153,77,0.17
1,45.0,3,1.0,1.0,1.0,34,5,1,1,34516.0,1664,4912,80,0.048
1,50.0,2,0.0,0.0,1.0,37,1,3,2,13384.0,0,4773,77,0.0
1,44.0,4,0.0,2.0,1.0,27,4,3,2,34516.0,1043,4654,59,0.03
1,54.0,2,1.0,1.0,0.0,36,5,3,1,12815.0,1017,3771,78,0.079
1,61.0,0,1.0,0.0,0.0,36,6,2,3,2035.0,1883,4802,85,0.925
1,58.0,2,0.0,1.0,1.0,49,4,3,3,30186.0,0,4070,74,0.0
1,49.0,4,0.0,0.0,0.0,36,3,2,3,13483.0,2517,3427,72,0.187
1,49.0,1,1.0,1.0,0.0,36,4,2,3,4158.0,1889,15842,130,0.454
1,45.0,3,1.0,1.0,0.0,34,4,5,2,1533.0,728,4659,83,0.475
1,58.0,2,1.0,3.0,0.0,53,2,3,0,24407.0,2395,2311,48,0.098
0,45.0,2,1.0,1.0,0.0,36,1,1,2,3401.0,0,744,18,0.0
1,44.0,4,2.0,2.0,0.0,33,3,1,3,4552.0,1144,14418,104,0.251
1,52.0,1,0.0,0.0,0.0,36,1,1,3,3040.0,2517,4608,61,0.828
1,48.0,3,1.0,1.0,0.0,36,3,3,3,12159.0,1665,1426,34,0.137
1,45.0,3,0.0,1.0,1.0,36,2,2,2,18000.0,1829,7149,86,0.102
1,44.0,2,2.0,1.0,0.0,25,4,3,2,4210.0,0,4248,65,0.0
1,58.0,1,0.0,0.0,0.0,46,6,3,3,3035.0,1779,4999,83,0.586
1,53.0,2,0.0,0.0,0.0,36,2,3,2,2156.0,1198,5092,95,0.556
1,37.0,2,0.0,1.0,0.0,36,5,3,5,7959.0,998,1855,29,0.125
1,57.0,2,1.0,1.0,0.0,49,5,1,2,3377.0,1720,1621,32,0.509
1,56.0,1,0.0,2.0,0.0,40,6,1,1,17450.0,2193,1426,38,0.126
1,51.0,1,0.0,0.0,0.0,35,1,2,3,3668.0,0,4753,87,0.0
1,51.0,2,0.0,3.0,1.0,31,2,2,2,34516.0,585,13534,104,0.017
1,53.0,3,1.0,3.0,0.0,36,6,2,0,34516.0,1901,1497,43,0.055
1,47.0,4,0.0,0.0,0.0,42,5,2,3,1882.0,1143,4536,85,0.607
1,49.0,2,0.0,1.0,0.0,44,6,3,0,7819.0,1560,1582,25,0.2
1,56.0,3,0.0,1.0,0.0,45,6,2,4,1813.0,1387,1468,32,0.765
1,38.0,2,0.0,1.0,0.0,36,3,3,3,6692.0,2037,1468,36,0.304
1,32.0,1,0.0,0.0,0.0,14,4,2,2,3568.0,2175,1913,35,0.61
1,43.0,3,0.0,1.0,0.0,32,4,1,3,2476.0,1944,4025,65,0.785
1,58.0,1,2.0,0.0,0.0,47,5,3,4,2495.0,2061,4399,70,0.826
1,53.0,3,0.0,3.0,0.0,44,5,6,4,14057.0,1655,2073,60,0.118
1,53.0,1,1.0,2.0,0.0,47,1,1,2,34516.0,1583,12906,100,0.046
1,53.0,2,0.0,2.0,0.0,48,2,1,2,15594.0,1590,13016,118,0.102
1,43.0,2,1.0,0.0,0.0,36,1,2,2,3226.0,2145,5066,75,0.665
1,38.0,2,0.0,0.0,0.0,36,4,2,2,5589.0,0,4064,77,0.0
1,40.0,3,2.0,2.0,0.0,36,5,3,2,20371.0,1832,1665,45,0.09
1,45.0,2,0.0,0.0,0.0,36,2,2,2,1839.0,0,4930,91,0.0
1,43.0,2,1.0,1.0,0.0,28,4,2,3,22157.0,1355,1911,55,0.061
1,43.0,3,0.0,1.0,0.0,30,6,2,4,11550.0,1505,3891,76,0.13
1,53.0,2,1.0,0.0,0.0,38,5,2,3,2650.0,1490,1411,28,0.562
1,54.0,1,1.0,1.0,0.0,42,3,2,2,2987.0,2517,1617,35,0.843
1,50.0,1,1.0,2.0,1.0,45,2,1,3,34516.0,925,7755,84,0.027
1,41.0,3,0.0,2.0,0.0,28,1,3,3,16627.0,2118,7996,99,0.127
1,40.0,4,0.0,0.0,0.0,27,5,3,1,4788.0,1088,4438,78,0.227
1,49.0,1,0.0,0.0,0.0,36,2,3,2,19846.0,2162,16908,122,0.109
1,55.0,1,1.0,0.0,0.0,36,4,2,4,1928.0,1125,2190,30,0.584
1,44.0,3,0.0,0.0,0.0,25,2,1,1,2085.0,1528,3805,79,0.733
1,37.0,2,1.0,1.0,0.0,36,4,3,1,2407.0,1552,4983,86,0.645
1,47.0,5,0.0,2.0,0.0,39,6,2,3,13241.0,0,3157,76,0.0
1,48.0,4,0.0,0.0,0.0,36,2,3,1,23939.0,1419,14812,101,0.059
0,39.0,2,0.0,3.0,0.0,26,2,3,4,8906.0,0,809,15,0.0
0,53.0,0,1.0,0.0,0.0,40,4,1,4,1438.3,0,2014,53,0.0
1,36.0,1,1.0,2.0,0.0,27,3,2,4,3761.0,1710,3240,65,0.455
1,54.0,3,0.0,0.0,0.0,36,5,4,2,4542.0,1355,4011,70,0.298
1,31.0,0,1.0,0.0,0.0,26,3,3,3,1469.0,0,4331,89,0.0
1,41.0,2,1.0,1.0,0.0,36,6,2,3,6602.0,0,4479,82,0.0
1,42.0,2,2.0,0.0,0.0,26,5,2,3,2120.0,1527,4741,86,0.72
1,51.0,1,0.0,3.0,0.0,42,6,2,3,9036.0,2327,1131,18,0.258
1,52.0,2,1.0,0.0,0.0,45,5,1,2,2737.0,1719,4725,63,0.628
1,42.0,3,0.0,0.0,0.0,34,6,3,2,5395.0,1439,3523,79,0.267
0,43.0,3,1.0,1.0,0.0,32,4,3,3,2701.0,2498,2678,37,0.925
1,52.0,2,0.0,1.0,0.0,36,5,1,4,1438.3,0,1679,39,0.0
0,46.0,3,2.0,1.0,0.0,40,3,4,2,2344.0,0,2098,31,0.0
1,57.0,2,0.0,1.0,0.0,36,2,3,3,6024.0,1532,15763,97,0.254
1,36.0,2,0.0,0.0,0.0,36,3,2,1,14304.0,699,4746,73,0.049
1,41.0,1,1.0,0.0,0.0,32,6,3,3,2225.0,0,4917,84,0.0
1,50.0,3,1.0,2.0,0.0,36,4,3,1,34516.0,1542,1770,65,0.045
1,39.0,2,1.0,0.0,0.0,26,5,3,3,2469.0,1826,3837,74,0.74
1,46.0,2,0.0,1.0,0.0,36,3,2,2,5746.0,1572,3446,56,0.274
1,61.0,1,0.0,1.0,0.0,47,5,3,4,1438.3,847,1397,43,0.589
1,49.0,3,2.0,3.0,1.0,36,6,1,5,34516.0,1323,3422,78,0.038
1,47.0,3,1.0,1.0,1.0,29,1,2,2,15472.0,865,14132,103,0.056
1,60.0,1,0.0,0.0,0.0,36,5,1,0,1913.0,1272,1448,22,0.665
0,61.0,0,0.0,3.0,0.0,46,6,3,3,4650.0,1162,7976,74,0.25
1,57.0,2,1.0,1.0,0.0,52,5,3,3,6584.0,1817,1353,35,0.276
1,47.0,2,1.0,2.0,0.0,40,6,1,3,16741.0,1225,3608,56,0.073
1,57.0,3,0.0,0.0,0.0,53,1,3,2,3029.0,2214,4750,89,0.731
1,45.0,4,0.0,0.0,0.0,32,1,1,1,3335.0,2238,5321,78,0.671
1,47.0,3,1.0,2.0,0.0,42,6,3,3,13189.0,1205,3821,83,0.091
0,50.0,4,0.0,0.0,0.0,36,1,3,2,3546.0,0,2616,47,0.0
1,39.0,2,1.0,0.0,0.0,32,4,2,4,5634.0,2057,2905,63,0.365
1,49.0,3,0.0,3.0,0.0,37,6,3,3,7753.0,1643,3367,65,0.212
1,55.0,2,0.0,0.0,0.0,44,5,2,3,1669.0,1000,4085,69,0.599
1,50.0,2,1.0,1.0,0.0,40,4,3,2,5435.0,1243,16202,117,0.229
1,49.0,5,0.0,0.0,0.0,39,3,2,2,1993.0,0,4075,76,0.0
1,49.0,5,1.0,1.0,2.0,35,1,2,2,34516.0,1064,8095,81,0.031
1,48.0,3,0.0,3.0,0.0,38,4,2,5,20912.0,0,4172,84,0.0
1,40.0,3,0.0,2.0,0.0,36,5,3,3,3624.0,0,4749,82,0.0
1,48.0,2,1.0,2.0,0.0,36,6,3,3,11656.0,1677,1441,32,0.144
1,37.0,2,0.0,2.0,0.0,36,3,3,2,2281.0,1677,2735,58,0.735
1,54.0,0,2.0,0.0,1.0,39,6,2,3,11696.0,2288,2445,60,0.196
1,39.0,1,0.0,0.0,0.0,29,6,2,5,2722.0,1592,3205,49,0.585
1,55.0,1,1.0,1.0,0.0,50,3,3,3,1843.0,1520,4729,92,0.825
1,45.0,5,0.0,1.0,0.0,25,1,5,1,12399.0,1461,7855,82,0.118
0,38.0,2,0.0,1.0,1.0,25,1,2,3,26794.0,821,8788,58,0.031
1,50.0,2,0.0,3.0,0.0,40,5,3,4,21794.0,1368,15111,116,0.063
1,60.0,0,0.0,1.0,0.0,55,6,1,2,6479.0,1393,1618,47,0.215
1,47.0,3,1.0,0.0,0.0,34,5,1,4,18064.0,2039,4435,88,0.113
1,39.0,1,0.0,3.0,0.0,34,4,2,2,3250.0,1698,2006,58,0.522
0,52.0,3,0.0,0.0,0.0,40,3,5,1,2003.0,1735,2343,42,0.866
1,41.0,4,0.0,2.0,2.0,36,6,2,2,34516.0,0,4077,67,0.0
1,44.0,3,0.0,0.0,0.0,24,4,1,2,2617.0,1508,4400,60,0.576
1,53.0,3,2.0,2.0,0.0,47,5,2,1,9106.0,975,3863,74,0.107
1,56.0,2,0.0,0.0,0.0,48,1,2,3,9092.0,1363,14779,94,0.15
1,52.0,0,1.0,1.0,0.0,45,4,2,1,4597.0,1905,4932,67,0.414
1,60.0,2,0.0,0.0,0.0,36,4,3,2,3460.0,2517,1752,34,0.727
1,52.0,1,1.0,1.0,0.0,34,3,3,3,4189.0,2066,4661,85,0.493
1,50.0,2,1.0,1.0,0.0,40,6,2,5,8307.0,2517,2293,36,0.303
1,49.0,4,1.0,0.0,0.0,43,3,1,4,2228.0,1003,2104,44,0.45
1,42.0,0,0.0,2.0,1.0,35,5,2,3,34516.0,1934,4613,73,0.056
1,41.0,5,0.0,2.0,0.0,29,6,2,1,11191.0,0,3839,73,0.0
1,51.0,2,1.0,3.0,0.0,40,4,3,3,26308.0,0,3278,53,0.0
1,48.0,3,0.0,2.0,0.0,42,3,6,2,6805.0,1448,3463,65,0.213
1,45.0,4,0.0,0.0,0.0,36,5,2,3,1963.0,1549,3718,75,0.789
1,51.0,0,2.0,3.0,3.0,44,3,2,3,34516.0,1925,8012,87,0.056
0,32.0,0,1.0,0.0,0.0,36,5,3,3,8135.0,0,8620,67,0.0
1,49.0,2,1.0,0.0,1.0,38,2,3,2,10741.0,2517,8352,71,0.234
1,50.0,4,0.0,0.0,0.0,43,6,3,4,5908.0,0,3313,72,0.0
1,56.0,2,0.0,1.0,0.0,49,3,3,2,3681.0,0,13222,112,0.0
1,59.0,1,0.0,1.0,0.0,53,6,2,5,5446.0,1885,1505,33,0.346
1,42.0,4,1.0,2.0,0.0,34,3,2,3,34516.0,668,1698,67,0.019
0,44.0,1,0.0,0.0,0.0,36,3,3,3,3517.0,0,2403,48,0.0
1,53.0,1,1.0,1.0,0.0,36,4,1,2,2043.0,1590,4940,68,0.778
1,56.0,2,2.0,1.0,0.0,51,3,3,4,6036.0,1409,1741,45,0.233
1,50.0,2,1.0,0.0,0.0,31,5,1,3,13745.0,0,4432,61,0.0
1,43.0,5,1.0,0.0,0.0,34,6,6,3,4607.0,2440,4825,77,0.53
1,40.0,3,1.0,0.0,0.0,28,6,1,2,20420.0,1657,1804,41,0.081
1,29.0,1,0.0,0.0,0.0,23,3,1,2,3318.0,927,3011,83,0.279
1,40.0,3,0.0,1.0,0.0,27,6,2,4,9026.0,2312,2229,37,0.256
1,49.0,4,0.0,0.0,0.0,36,4,1,3,29939.0,0,4305,63,0.0
1,56.0,0,0.0,0.0,0.0,48,4,1,2,4203.0,1965,1425,32,0.468
1,46.0,3,2.0,2.0,0.0,38,6,1,2,12935.0,1417,3528,61,0.11
1,50.0,3,1.0,0.0,0.0,44,2,1,3,24735.0,2296,7910,95,0.093
1,43.0,3,0.0,1.0,0.0,33,5,2,3,3040.0,2517,1598,31,0.828
1,39.0,3,0.0,2.0,0.0,31,2,2,3,2844.0,2065,7345,73,0.726
1,46.0,2,0.0,1.0,0.0,40,4,1,3,5265.0,0,3281,68,0.0
1,45.0,4,1.0,3.0,0.0,38,1,1,3,9036.0,0,8356,79,0.0
1,46.0,4,0.0,1.0,0.0,37,6,4,2,1912.0,1172,4841,81,0.613
0,52.0,2,0.0,3.0,0.0,38,6,3,3,34516.0,0,2213,47,0.0
1,50.0,3,0.0,1.0,0.0,45,5,3,5,20437.0,1020,4166,66,0.05
1,31.0,1,0.0,0.0,1.0,36,2,3,1,10353.0,1520,15028,124,0.147
1,43.0,4,0.0,1.0,0.0,31,1,1,2,23457.0,2517,7370,96,0.107
1,44.0,4,1.0,1.0,0.0,30,3,3,3,4068.0,0,5161,83,0.0
1,62.0,0,1.0,0.0,0.0,53,5,2,2,2616.0,801,4655,68,0.306
0,41.0,4,0.0,0.0,0.0,32,2,3,3,7769.0,0,8109,74,0.0
1,46.0,3,1.0,2.0,0.0,38,4,1,2,8101.0,1266,3226,53,0.156
1,44.0,4,0.0,0.0,0.0,37,3,3,3,7632.0,0,4498,86,0.0
1,53.0,3,0.0,0.0,0.0,42,1,1,3,2915.0,2041,4272,70,0.7
1,50.0,2,1.0,0.0,0.0,36,3,3,0,1491.0,0,1058,34,0.0
1,32.0,2,0.0,0.0,0.0,25,3,2,1,3193.0,1533,4419,75,0.48
1,37.0,2,0.0,1.0,0.0,29,6,1,4,14575.0,0,3444,80,0.0
0,49.0,3,1.0,2.0,0.0,36,3,2,1,3261.0,0,3081,50,0.0
1,55.0,2,0.0,0.0,0.0,45,5,2,0,3187.0,2517,1627,38,0.79
1,48.0,4,1.0,2.0,0.0,40,1,1,3,28307.0,1506,9042,122,0.053
0,55.0,1,0.0,1.0,0.0,46,2,4,3,4629.0,710,2877,49,0.153
1,31.0,1,1.0,0.0,0.0,21,2,2,3,2061.0,1904,4480,86,0.924
1,55.0,2,0.0,1.0,0.0,36,5,2,0,6244.0,2517,1445,40,0.403
1,57.0,2,1.0,0.0,0.0,44,3,4,4,6256.0,1530,1629,43,0.245
1,45.0,3,1.0,0.0,0.0,28,5,2,2,2035.0,1174,4670,77,0.577
1,40.0,4,0.0,0.0,0.0,25,4,1,1,2129.0,1507,3655,70,0.708
1,59.0,1,0.0,1.0,0.0,36,2,2,3,3720.0,1569,16208,129,0.422
1,35.0,3,1.0,0.0,0.0,27,3,3,2,5780.0,938,2960,65,0.162
1,44.0,2,0.0,1.0,0.0,38,2,1,2,16553.0,0,4797,82,0.0
0,46.0,1,1.0,0.0,0.0,35,5,3,3,2197.0,461,1955,42,0.21
1,37.0,2,0.0,1.0,0.0,26,4,1,2,3664.0,1449,4413,65,0.395
1,44.0,2,0.0,3.0,3.0,36,2,1,3,34516.0,1421,14465,114,0.041
1,34.0,2,1.0,0.0,0.0,27,4,1,1,1901.0,1176,2450,52,0.619
0,50.0,4,0.0,1.0,0.0,35,6,1,5,12914.0,1227,2082,54,0.095
1,52.0,3,1.0,1.0,0.0,42,5,3,1,4565.0,1258,4139,67,0.276
1,59.0,1,1.0,1.0,0.0,53,4,3,2,2136.0,1502,1908,37,0.703
1,47.0,3,0.0,1.0,0.0,34,4,1,3,1963.0,1524,3492,59,0.776
1,30.0,2,1.0,1.0,0.0,22,3,3,4,3143.0,1075,2510,57,0.342
1,51.0,2,1.0,3.0,0.0,42,3,3,0,24221.0,1707,1678,40,0.07
1,45.0,3,1.0,0.0,0.0,36,5,2,3,4753.0,0,3895,71,0.0
1,40.0,3,1.0,0.0,0.0,29,5,2,2,3170.0,2517,2027,49,0.794
1,51.0,2,1.0,1.0,0.0,45,2,2,2,11467.0,1146,14373,97,0.1
1,37.0,3,0.0,0.0,0.0,31,5,1,3,1438.3,0,2075,66,0.0
1,49.0,2,0.0,2.0,0.0,36,2,1,3,3090.0,0,14198,101,0.0
0,39.0,1,1.0,0.0,0.0,26,3,3,1,1876.0,1536,2579,47,0.819
1,65.0,0,0.0,0.0,0.0,55,5,2,1,6352.0,1386,3709,77,0.218
1,48.0,2,0.0,1.0,0.0,36,6,3,2,4207.0,1921,3850,75,0.457
1,40.0,2,1.0,2.0,0.0,36,5,1,4,14544.0,0,4064,92,0.0
1,42.0,1,1.0,0.0,0.0,33,4,4,3,3119.0,1328,4659,82,0.426
1,47.0,1,0.0,0.0,0.0,41,3,3,4,2709.0,2034,4915,92,0.751
1,54.0,4,1.0,3.0,0.0,50,4,2,0,2872.0,2035,1770,47,0.709
1,43.0,3,1.0,1.0,0.0,28,3,3,4,5479.0,1183,14728,126,0.216
1,41.0,4,1.0,3.0,0.0,35,5,3,3,34516.0,825,3127,51,0.024
1,49.0,1,0.0,0.0,0.0,39,5,2,2,1909.0,866,4697,83,0.454
1,46.0,1,0.0,1.0,0.0,27,6,3,3,12781.0,1253,1073,21,0.098
1,54.0,2,2.0,0.0,0.0,46,3,3,3,3312.0,1624,1973,55,0.49
1,53.0,3,2.0,2.0,0.0,44,5,2,2,19063.0,1236,3393,58,0.065
1,41.0,1,2.0,1.0,0.0,32,3,2,4,10266.0,1390,1720,42,0.135
1,52.0,2,1.0,1.0,0.0,40,4,1,3,7215.0,0,4409,75,0.0
1,54.0,3,1.0,0.0,0.0,49,5,1,2,11905.0,0,4022,65,0.0
1,48.0,5,0.0,0.0,0.0,43,4,3,2,20974.0,2249,15903,121,0.107
1,54.0,3,2.0,2.0,1.0,42,3,1,2,34516.0,2488,4401,87,0.072
1,57.0,3,1.0,3.0,0.0,36,2,2,1,17268.0,1197,4077,90,0.069
1,45.0,4,0.0,1.0,0.0,36,5,2,1,15100.0,2004,4135,76,0.133
1,43.0,2,0.0,1.0,0.0,33,1,2,1,13165.0,1255,8126,95,0.095
1,40.0,5,0.0,0.0,0.0,22,3,1,2,1826.0,944,4528,65,0.517
1,53.0,3,0.0,0.0,0.0,36,4,3,2,4224.0,2417,1458,29,0.572
1,40.0,4,0.0,0.0,0.0,31,2,3,3,1968.0,1781,5087,69,0.905
1,56.0,2,0.0,0.0,0.0,36,3,1,2,8438.0,1825,4798,89,0.216
1,36.0,3,1.0,0.0,0.0,31,3,2,3,2937.0,2159,2511,51,0.735
0,52.0,3,1.0,0.0,0.0,38,2,3,4,2437.0,0,3068,53,0.0
1,58.0,1,1.0,2.0,0.0,45,5,3,4,1854.0,1480,3292,73,0.798
1,59.0,1,1.0,1.0,0.0,36,6,2,2,2300.0,1965,1693,27,0.854
1,29.0,1,1.0,2.0,1.0,36,1,2,1,34516.0,1666,13971,116,0.048
1,47.0,2,0.0,0.0,0.0,37,6,1,1,2946.0,2338,4717,70,0.794
1,47.0,2,0.0,0.0,0.0,35,2,1,1,15155.0,1287,7724,79,0.085
1,48.0,2,1.0,1.0,0.0,33,4,2,4,2998.0,1789,1825,31,0.597
0,64.0,0,1.0,0.0,0.0,36,1,3,4,1682.0,0,1811,39,0.0
1,58.0,1,2.0,0.0,0.0,36,6,2,4,1438.3,0,4722,89,0.0
1,42.0,4,2.0,2.0,0.0,27,5,3,4,31864.0,0,1591,35,0.0
1,52.0,2,0.0,2.0,1.0,40,3,3,3,34516.0,2177,1234,23,0.063
1,31.0,0,1.0,1.0,0.0,21,3,3,0,2158.0,1729,1718,42,0.801
1,60.0,1,1.0,2.0,0.0,50,6,2,2,23412.0,1078,1786,50,0.046
1,59.0,1,1.0,1.0,0.0,48,6,3,3,7251.0,1603,1300,36,0.221
1,35.0,3,0.0,1.0,0.0,36,6,2,5,8682.0,1647,1792,36,0.19
1,41.0,4,0.0,0.0,0.0,36,2,3,2,2470.0,1566,5011,61,0.634
1,46.0,4,1.0,3.0,1.0,36,4,1,3,34516.0,1380,2163,56,0.04
0,43.0,3,0.0,1.0,0.0,34,1,3,2,1654.0,1474,2086,47,0.891
1,27.0,1,1.0,0.0,0.0,20,5,3,3,1893.0,0,5176,91,0.0
1,36.0,2,0.0,1.0,0.0,25,3,1,2,4789.0,1257,1534,29,0.262
1,43.0,5,0.0,0.0,0.0,39,3,2,4,3161.0,2424,4307,66,0.767
0,41.0,3,0.0,1.0,0.0,28,3,3,4,11091.0,0,1234,34,0.0
1,47.0,3,0.0,0.0,1.0,33,2,2,3,34516.0,1930,16369,125,0.056
1,46.0,4,2.0,0.0,0.0,38,6,3,2,13816.0,955,4238,73,0.069
1,57.0,1,0.0,0.0,0.0,44,4,3,2,2564.0,1258,2673,43,0.491
1,43.0,4,0.0,3.0,1.0,36,1,2,1,34516.0,1816,15226,113,0.053
1,56.0,1,1.0,1.0,0.0,50,6,3,3,6735.0,2289,1249,28,0.34
1,41.0,3,1.0,0.0,0.0,29,6,3,1,1959.0,1268,4275,61,0.647
1,55.0,1,0.0,0.0,0.0,50,5,3,4,3566.0,1401,2425,54,0.393
1,51.0,4,1.0,3.0,0.0,42,3,2,3,34516.0,1763,1550,41,0.051
0,37.0,2,0.0,1.0,0.0,24,6,2,4,10226.0,0,2243,44,0.0
1,45.0,4,0.0,2.0,0.0,34,3,2,3,15913.0,1696,4472,86,0.107
1,58.0,4,0.0,1.0,0.0,47,6,3,4,7803.0,1885,1199,25,0.242
1,56.0,3,0.0,1.0,0.0,49,3,1,3,1438.3,0,1093,22,0.0
0,59.0,2,0.0,0.0,0.0,51,6,5,3,1438.3,0,2589,49,0.0
1,46.0,3,1.0,2.0,0.0,41,4,3,1,18927.0,887,3101,54,0.047
1,58.0,3,1.0,3.0,0.0,54,5,1,4,3452.0,2088,1008,21,0.605
1,53.0,1,1.0,1.0,0.0,47,6,2,2,2799.0,0,4116,88,0.0
1,51.0,2,0.0,0.0,0.0,39,3,1,2,6462.0,2517,4156,77,0.39
1,46.0,3,0.0,2.0,0.0,36,3,2,2,23512.0,1562,3764,60,0.066
1,53.0,4,0.0,3.0,0.0,36,3,3,2,34516.0,1337,7919,85,0.039
1,43.0,4,0.0,1.0,0.0,36,5,3,0,8129.0,1799,1402,33,0.221
1,40.0,3,0.0,0.0,0.0,34,5,1,3,1707.0,989,3935,76,0.579
1,43.0,3,1.0,0.0,0.0,33,3,3,1,2341.0,1818,4356,70,0.777
1,28.0,0,1.0,0.0,0.0,36,4,2,4,1707.0,1191,2950,87,0.698
1,58.0,3,1.0,2.0,0.0,54,4,3,3,18713.0,1022,1524,42,0.055
1,47.0,1,0.0,0.0,0.0,36,5,1,0,25657.0,2216,1121,25,0.086
1,48.0,5,0.0,0.0,0.0,36,4,2,3,7645.0,931,5016,73,0.122
1,53.0,3,0.0,1.0,0.0,42,6,1,2,2293.0,1460,4436,74,0.637
1,59.0,2,0.0,0.0,0.0,46,2,3,2,23731.0,1890,13647,93,0.08
1,52.0,3,1.0,0.0,0.0,41,3,3,4,6060.0,1687,3953,65,0.278
1,46.0,4,0.0,0.0,0.0,30,3,1,3,5869.0,0,5103,83,0.0
1,26.0,1,0.0,0.0,0.0,15,5,3,3,2539.0,2162,2386,47,0.852
1,58.0,1,1.0,0.0,0.0,46,4,2,2,2203.0,1394,1788,45,0.633
1,46.0,2,1.0,1.0,0.0,40,4,2,4,7949.0,1514,3355,58,0.19
1,37.0,3,1.0,0.0,0.0,27,4,2,0,1438.3,687,4621,73,0.478
1,36.0,4,0.0,1.0,0.0,16,1,2,2,4370.0,1222,7223,90,0.28
1,41.0,4,0.0,0.0,0.0,36,4,2,3,1438.3,0,5020,85,0.0
0,55.0,1,0.0,1.0,0.0,46,2,2,3,1438.3,0,888,18,0.0
1,51.0,2,2.0,0.0,0.0,45,6,3,1,2109.0,683,4321,58,0.324
1,48.0,3,0.0,2.0,0.0,35,3,3,4,11851.0,0,4498,73,0.0
1,57.0,3,1.0,0.0,0.0,52,5,5,0,3085.0,0,3946,73,0.0
1,34.0,1,0.0,0.0,0.0,28,4,3,4,2707.0,2036,1926,33,0.752
1,44.0,2,0.0,0.0,0.0,30,3,1,4,3734.0,0,3144,62,0.0
0,50.0,3,0.0,2.0,0.0,36,6,3,2,6925.0,0,2506,36,0.0
1,60.0,1,0.0,0.0,0.0,36,1,1,3,2347.0,1488,3977,83,0.634
1,39.0,4,0.0,1.0,0.0,28,2,3,2,2725.0,2302,4714,81,0.845
1,43.0,4,1.0,3.0,0.0,31,6,1,3,6467.0,1887,4098,61,0.292
0,38.0,2,1.0,0.0,0.0,32,2,3,3,3775.0,0,2031,36,0.0
1,34.0,2,0.0,0.0,0.0,36,3,3,2,2791.0,2160,2214,56,0.774
1,34.0,2,2.0,0.0,0.0,28,3,3,2,1438.3,0,3044,91,0.0
1,42.0,4,0.0,0.0,0.0,37,4,3,2,2411.0,1797,4331,63,0.745
1,49.0,4,0.0,2.0,0.0,36,2,3,3,24256.0,1076,4269,69,0.044
0,46.0,1,2.0,1.0,0.0,32,5,2,3,8766.0,0,2263,35,0.0
1,52.0,3,0.0,1.0,0.0,36,5,2,2,2498.0,1650,4434,79,0.661
1,58.0,0,0.0,0.0,0.0,36,3,3,1,2241.0,1670,4653,75,0.745
1,46.0,3,0.0,1.0,0.0,36,6,3,2,13387.0,0,3706,81,0.0
1,43.0,1,0.0,0.0,0.0,32,6,2,2,2667.0,1590,4596,85,0.596
1,46.0,3,1.0,0.0,1.0,39,4,3,2,12222.0,1260,3418,78,0.103
1,61.0,1,0.0,1.0,0.0,36,6,1,1,5039.0,1352,3300,68,0.268
0,59.0,2,0.0,0.0,0.0,45,1,3,3,2721.0,1885,2594,48,0.693
1,48.0,4,1.0,0.0,0.0,38,4,3,3,4894.0,1505,3277,67,0.308
1,44.0,3,0.0,1.0,0.0,36,4,2,3,9465.0,0,3675,59,0.0
1,47.0,5,2.0,0.0,0.0,36,3,1,2,8896.0,1338,4252,70,0.15
1,42.0,3,0.0,0.0,1.0,31,1,1,1,14630.0,0,8217,99,0.0
1,42.0,4,1.0,1.0,0.0,36,5,1,0,2727.0,834,1294,26,0.306
1,42.0,4,0.0,0.0,0.0,32,3,3,4,1438.3,838,3910,75,0.583
0,47.0,2,1.0,0.0,0.0,34,2,2,2,2234.0,2024,2313,37,0.906
1,54.0,1,2.0,0.0,0.0,40,4,1,2,2876.0,1267,4302,74,0.441
1,33.0,4,1.0,1.0,0.0,26,1,2,3,2874.0,2517,4794,88,0.876
1,39.0,2,0.0,2.0,0.0,36,6,2,4,7901.0,1184,3667,66,0.15
1,49.0,5,0.0,0.0,0.0,36,4,2,3,2598.0,1848,4396,78,0.711
1,46.0,4,1.0,1.0,0.0,41,3,1,1,17673.0,1783,3160,59,0.101
1,31.0,0,0.0,0.0,0.0,22,2,1,3,3329.0,0,13109,114,0.0
1,55.0,1,1.0,2.0,0.0,49,4,3,3,28751.0,2158,1502,34,0.075
1,47.0,2,0.0,1.0,0.0,36,3,3,2,12510.0,1871,14018,128,0.15
1,41.0,2,0.0,1.0,0.0,36,4,5,3,1561.0,1169,4391,67,0.749
1,43.0,3,0.0,1.0,0.0,35,4,3,3,2297.0,1044,3161,65,0.455
1,38.0,2,0.0,0.0,0.0,27,5,2,1,14831.0,1302,4467,73,0.088
1,65.0,0,1.0,0.0,0.0,56,5,2,3,13666.0,0,3998,70,0.0
1,38.0,3,0.0,1.0,0.0,31,6,1,2,2014.0,896,2460,52,0.445
1,54.0,2,1.0,1.0,0.0,41,3,1,3,7362.0,1176,17390,130,0.16
1,53.0,3,1.0,2.0,0.0,49,5,2,1,4778.0,1869,5489,74,0.391
1,54.0,3,0.0,2.0,0.0,41,3,3,2,10448.0,1569,1604,39,0.15
1,57.0,0,1.0,2.0,0.0,52,4,6,4,2564.0,2379,1343,35,0.928
1,42.0,3,0.0,0.0,0.0,24,5,1,3,4568.0,2025,4869,85,0.443
1,42.0,3,0.0,1.0,0.0,38,5,1,2,10239.0,510,1228,26,0.05
1,45.0,5,1.0,0.0,0.0,39,4,3,2,2156.0,1208,1345,28,0.56
1,46.0,3,0.0,1.0,0.0,42,2,2,1,10901.0,1874,7498,90,0.172
1,58.0,1,0.0,1.0,1.0,53,1,3,3,15928.0,1527,14678,125,0.096
0,46.0,2,0.0,0.0,0.0,42,1,0,4,2002.0,0,2423,39,0.0
1,38.0,1,1.0,0.0,0.0,25,3,3,1,2580.0,2265,1665,57,0.878
1,31.0,1,1.0,1.0,0.0,22,4,1,3,9096.0,0,2318,54,0.0
0,51.0,2,2.0,0.0,0.0,40,6,3,4,8930.0,2517,2167,38,0.282
1,53.0,1,0.0,3.0,0.0,36,2,3,3,19252.0,751,14074,112,0.039
1,46.0,4,2.0,0.0,0.0,38,4,3,2,4120.0,1578,4792,81,0.383
1,39.0,3,0.0,1.0,0.0,28,4,1,3,3400.0,2307,4742,90,0.679
1,49.0,1,1.0,2.0,0.0,36,6,2,2,18886.0,895,1235,18,0.047
1,41.0,3,1.0,0.0,0.0,36,6,6,4,2873.0,1247,3943,80,0.434
1,33.0,1,2.0,0.0,0.0,15,6,2,0,1741.0,1328,2629,61,0.763
1,52.0,3,1.0,0.0,0.0,36,2,1,2,2166.0,1458,8215,109,0.673
1,45.0,3,1.0,1.0,0.0,36,6,3,2,19629.0,0,4073,79,0.0
1,35.0,4,1.0,3.0,0.0,30,4,3,4,34516.0,1018,2350,55,0.029
0,47.0,4,0.0,1.0,2.0,34,2,3,3,23981.0,0,4536,61,0.0
1,40.0,4,1.0,0.0,0.0,36,5,5,1,1577.0,1286,3453,52,0.815
1,51.0,3,1.0,0.0,0.0,46,6,3,1,2927.0,1499,4670,70,0.512
1,43.0,3,1.0,1.0,0.0,33,4,3,4,9382.0,1455,3412,71,0.155
1,54.0,2,1.0,2.0,1.0,39,4,1,4,34516.0,2305,13756,106,0.067
1,43.0,4,1.0,1.0,0.0,39,4,1,3,1438.3,0,4528,83,0.0
1,40.0,5,0.0,0.0,0.0,31,4,2,2,2813.0,2208,4491,68,0.785
1,39.0,2,0.0,2.0,0.0,28,3,2,4,26570.0,1915,2118,33,0.072
1,37.0,2,1.0,1.0,0.0,26,3,2,3,1438.3,743,4730,80,0.517
0,37.0,2,0.0,0.0,0.0,25,3,2,4,1690.0,0,2645,60,0.0
1,54.0,3,2.0,0.0,0.0,42,6,1,0,9256.0,1999,1446,37,0.216
1,38.0,3,0.0,2.0,0.0,33,6,2,2,34516.0,2135,3514,63,0.062
1,31.0,0,0.0,0.0,0.0,25,2,3,0,4093.0,0,15495,112,0.0
1,57.0,1,0.0,0.0,0.0,41,4,4,3,2442.0,1699,4313,75,0.696
1,51.0,2,0.0,2.0,0.0,38,4,2,3,21382.0,1692,3060,66,0.079
1,51.0,3,0.0,0.0,0.0,39,5,2,1,4038.0,1237,4188,68,0.306
0,41.0,1,2.0,0.0,0.0,30,3,3,1,2029.0,621,3142,37,0.306
1,51.0,1,1.0,3.0,2.0,37,2,3,1,34516.0,2417,13021,117,0.07
1,45.0,4,0.0,1.0,0.0,36,5,2,1,2948.0,2232,3635,79,0.757
1,44.0,4,1.0,0.0,0.0,34,5,1,2,4214.0,1249,1389,34,0.296
0,44.0,4,0.0,0.0,0.0,38,2,2,3,2616.0,2505,2576,42,0.958
1,45.0,3,0.0,0.0,0.0,33,4,3,1,2740.0,1786,4327,70,0.652
1,56.0,2,2.0,0.0,0.0,48,6,1,2,4930.0,2259,2194,53,0.458
1,45.0,4,1.0,0.0,0.0,32,3,2,1,6637.0,0,1801,48,0.0
1,26.0,0,1.0,0.0,0.0,22,3,1,3,1486.0,0,4535,82,0.0
1,47.0,2,1.0,3.0,0.0,41,3,2,4,10614.0,784,4601,77,0.074
1,42.0,4,0.0,3.0,0.0,37,3,2,4,6953.0,1445,3700,80,0.208
1,50.0,3,1.0,3.0,0.0,42,3,1,3,33996.0,949,3569,77,0.028
1,54.0,1,1.0,3.0,0.0,48,1,3,1,2456.0,1654,4468,84,0.673
1,38.0,3,1.0,0.0,0.0,33,6,2,3,29638.0,857,3429,78,0.029
1,49.0,5,0.0,1.0,0.0,36,1,2,2,5578.0,0,3459,53,0.0
1,60.0,0,0.0,1.0,0.0,54,4,1,0,2759.0,2501,1650,34,0.906
1,45.0,2,0.0,2.0,0.0,37,3,1,1,32275.0,1845,14917,88,0.057
1,49.0,3,0.0,0.0,0.0,45,3,3,2,1438.3,726,5208,93,0.505
1,41.0,4,1.0,0.0,0.0,26,5,2,2,1783.0,1282,3853,76,0.719
1,36.0,3,0.0,2.0,0.0,31,3,3,5,12893.0,1620,2300,60,0.126
1,57.0,2,1.0,3.0,0.0,49,6,3,1,4698.0,984,1865,35,0.209
1,36.0,3,0.0,0.0,0.0,36,5,2,4,5750.0,1521,2155,61,0.265
1,49.0,1,2.0,0.0,0.0,39,6,3,2,2880.0,1996,4334,81,0.693
1,54.0,4,1.0,0.0,0.0,41,1,5,2,2444.0,1313,4609,61,0.537
0,47.0,3,1.0,0.0,0.0,35,6,3,2,1781.0,0,2196,35,0.0
1,50.0,4,0.0,0.0,0.0,42,2,1,2,1460.0,0,4265,63,0.0
1,62.0,1,0.0,0.0,0.0,36,3,3,2,7075.0,1396,4409,75,0.197
1,50.0,0,2.0,2.0,0.0,38,5,2,2,3460.0,1881,1546,35,0.544
1,54.0,0,0.0,2.0,0.0,36,3,1,2,16286.0,1710,2552,49,0.105
1,50.0,2,1.0,2.0,0.0,38,4,1,1,19999.0,1007,3183,69,0.05
1,34.0,1,0.0,0.0,0.0,22,6,1,0,10253.0,1857,3042,66,0.181
1,36.0,2,0.0,0.0,0.0,31,3,2,1,2754.0,1798,3937,70,0.653
1,44.0,3,0.0,0.0,0.0,33,5,3,1,8064.0,2417,4412,67,0.3
1,56.0,2,0.0,1.0,0.0,41,3,2,2,5887.0,659,1193,26,0.112
1,38.0,0,0.0,1.0,0.0,26,5,2,1,3809.0,1521,4666,69,0.399
1,51.0,3,0.0,0.0,0.0,36,5,2,2,2267.0,1357,4464,85,0.599
1,39.0,3,1.0,1.0,0.0,36,5,3,4,2527.0,2204,4598,85,0.872
1,32.0,1,1.0,0.0,0.0,20,3,1,4,5497.0,1735,16266,124,0.316
1,53.0,2,0.0,0.0,0.0,36,5,2,2,1820.0,909,4665,67,0.499
1,41.0,3,0.0,1.0,0.0,32,4,1,3,5071.0,1043,3358,62,0.206
1,49.0,2,0.0,2.0,0.0,43,5,2,2,18379.0,999,4122,70,0.054
1,43.0,4,0.0,2.0,0.0,37,4,2,3,13882.0,758,1646,42,0.055
1,37.0,1,1.0,1.0,0.0,27,6,1,2,2673.0,2517,3052,63,0.942
1,61.0,1,0.0,1.0,0.0,46,5,3,2,2201.0,1138,1199,32,0.517
1,47.0,4,0.0,1.0,0.0,36,3,1,3,14241.0,2081,1581,44,0.146
1,50.0,2,0.0,2.0,1.0,45,3,1,3,34516.0,1260,1504,34,0.037
0,55.0,2,1.0,0.0,0.0,43,2,4,3,1438.3,0,886,27,0.0
1,51.0,1,0.0,3.0,0.0,36,2,1,3,8671.0,590,4399,72,0.068
1,61.0,0,1.0,1.0,0.0,48,1,3,1,15483.0,2148,14463,94,0.139
0,34.0,3,2.0,1.0,0.0,28,2,3,2,3744.0,0,8202,69,0.0
1,50.0,1,0.0,1.0,0.0,40,6,1,4,4092.0,996,2298,48,0.243
1,34.0,2,2.0,0.0,0.0,13,5,1,2,1438.3,0,2557,67,0.0
1,48.0,4,1.0,0.0,0.0,36,6,1,4,2464.0,1867,1219,35,0.758
1,44.0,1,0.0,2.0,0.0,29,6,1,2,8315.0,1008,4088,66,0.121
1,37.0,2,0.0,0.0,1.0,36,3,3,2,11568.0,1846,1701,44,0.16
1,47.0,5,0.0,3.0,1.0,36,5,2,2,34516.0,1686,4039,72,0.049
1,55.0,2,1.0,0.0,0.0,49,5,1,4,3949.0,2024,3495,64,0.513
1,36.0,2,1.0,0.0,0.0,36,6,4,0,2051.0,1154,3912,79,0.563
1,45.0,3,0.0,1.0,1.0,33,3,2,1,16928.0,1519,3355,66,0.09
1,62.0,2,1.0,0.0,0.0,51,6,2,4,2986.0,1632,2141,55,0.547
1,46.0,2,2.0,1.0,1.0,40,4,2,2,15459.0,0,1419,30,0.0
1,59.0,0,1.0,1.0,1.0,45,6,3,3,21358.0,1225,3646,77,0.057
1,46.0,2,0.0,3.0,0.0,32,2,3,1,34516.0,2328,15754,121,0.067
1,51.0,1,0.0,2.0,0.0,41,5,3,3,5638.0,808,2036,50,0.143
1,43.0,1,0.0,1.0,0.0,31,4,3,1,2283.0,1470,5100,76,0.644
1,56.0,1,1.0,1.0,0.0,36,3,2,3,15124.0,1974,1850,44,0.131
1,47.0,1,1.0,1.0,0.0,36,4,3,2,19063.0,1714,1270,21,0.09
1,38.0,3,0.0,1.0,0.0,32,6,6,2,8603.0,1046,1758,40,0.122
1,44.0,1,0.0,2.0,0.0,33,2,3,1,32222.0,0,14220,95,0.0
1,51.0,1,1.0,0.0,0.0,41,3,2,2,9352.0,1429,3536,71,0.153
1,52.0,2,1.0,3.0,0.0,37,2,3,2,14543.0,0,1536,37,0.0
1,37.0,3,0.0,1.0,0.0,26,6,2,1,14485.0,2124,3895,87,0.147
1,44.0,2,0.0,0.0,0.0,36,2,1,0,6633.0,1322,8396,106,0.199
1,47.0,5,2.0,1.0,0.0,36,4,3,2,6043.0,0,4256,78,0.0
1,49.0,1,0.0,1.0,0.0,40,6,2,2,3170.0,1428,4097,72,0.45
1,35.0,2,0.0,3.0,0.0,29,5,1,2,3300.0,1731,1745,27,0.525
1,59.0,2,0.0,1.0,0.0,50,6,3,2,2701.0,1572,1469,36,0.582
1,50.0,1,0.0,1.0,0.0,45,5,2,2,10344.0,1274,1617,47,0.123
1,48.0,3,0.0,0.0,0.0,43,5,4,2,1532.0,1183,4359,78,0.772
1,53.0,2,1.0,0.0,0.0,45,6,3,3,6210.0,1083,3095,62,0.174
1,56.0,2,1.0,3.0,0.0,45,2,2,3,11714.0,898,13956,122,0.077
1,46.0,4,0.0,2.0,0.0,36,6,1,2,1438.3,0,4461,71,0.0
1,46.0,2,0.0,1.0,0.0,38,6,3,1,1963.0,1112,4821,67,0.566
1,40.0,3,0.0,0.0,0.0,33,4,3,2,3804.0,1917,14321,102,0.504
1,52.0,4,1.0,0.0,0.0,45,1,1,3,3705.0,2168,4452,89,0.585
1,45.0,3,2.0,1.0,1.0,34,3,3,1,27494.0,879,14375,112,0.032
1,43.0,1,1.0,0.0,0.0,32,4,4,3,1834.0,1416,5653,79,0.772
1,56.0,1,2.0,1.0,0.0,38,1,2,1,3485.0,1465,4776,87,0.42
1,45.0,3,0.0,0.0,0.0,34,6,1,3,2647.0,1288,4730,78,0.487
1,65.0,1,2.0,1.0,0.0,52,5,3,3,2155.0,0,1655,27,0.0
1,46.0,4,1.0,2.0,0.0,26,4,3,0,1791.0,1337,3592,46,0.747
1,45.0,3,0.0,1.0,0.0,37,5,1,2,4995.0,1766,4389,82,0.354
1,40.0,4,1.0,1.0,0.0,36,3,2,2,8529.0,901,4252,68,0.106
1,37.0,3,1.0,0.0,0.0,30,5,3,3,4554.0,780,4816,81,0.171
0,51.0,3,0.0,2.0,0.0,45,3,3,3,25670.0,0,2709,51,0.0
1,43.0,4,1.0,0.0,0.0,31,5,2,0,5781.0,1168,1600,32,0.202
1,55.0,1,1.0,0.0,0.0,36,6,3,2,17642.0,1846,2148,54,0.105
1,42.0,3,1.0,0.0,0.0,32,3,1,2,7169.0,902,1438,35,0.126
1,51.0,2,0.0,1.0,0.0,36,6,3,3,3359.0,873,4572,81,0.26
1,42.0,4,0.0,0.0,1.0,32,6,3,2,13719.0,1384,3774,63,0.101
1,50.0,2,0.0,0.0,0.0,36,3,1,3,3397.0,1658,4208,75,0.488
1,46.0,2,0.0,0.0,0.0,41,5,2,3,1438.3,0,3942,78,0.0
1,55.0,4,0.0,0.0,0.0,46,3,2,2,4978.0,923,5025,62,0.185
1,36.0,2,0.0,1.0,0.0,36,3,3,2,2686.0,1733,2057,53,0.645
1,39.0,3,0.0,0.0,0.0,33,2,1,2,1621.0,0,7400,86,0.0
1,53.0,5,1.0,3.0,2.0,36,2,4,1,34516.0,2088,15290,123,0.06
1,47.0,4,0.0,0.0,0.0,29,6,3,0,2712.0,2411,5201,82,0.889
1,43.0,3,1.0,2.0,0.0,34,2,2,2,5390.0,1324,7739,106,0.246
1,56.0,1,1.0,2.0,1.0,49,5,2,2,34516.0,1091,15274,108,0.032
1,61.0,1,1.0,1.0,0.0,50,6,2,4,2531.0,2360,1263,35,0.932
1,60.0,1,1.0,0.0,0.0,55,4,1,0,2346.0,2150,4592,90,0.916
1,40.0,3,0.0,0.0,0.0,28,3,3,3,2690.0,1935,4917,81,0.719
1,49.0,3,1.0,0.0,0.0,44,3,3,2,4364.0,1507,1392,38,0.345
0,51.0,2,0.0,0.0,0.0,36,1,2,2,2114.0,0,2872,45,0.0
1,37.0,1,0.0,0.0,0.0,30,3,5,0,3003.0,1810,3148,68,0.603
1,63.0,0,0.0,1.0,1.0,54,4,3,3,18064.0,1695,3434,71,0.094
1,50.0,4,0.0,0.0,0.0,36,2,4,3,2407.0,1102,4543,71,0.458
0,50.0,0,1.0,0.0,0.0,38,2,3,1,4935.0,1574,8527,84,0.319
1,51.0,4,0.0,0.0,0.0,39,2,3,1,2268.0,651,5016,88,0.287
1,38.0,2,1.0,2.0,0.0,30,2,3,2,3735.0,1421,1837,47,0.38
1,53.0,3,1.0,1.0,0.0,33,4,3,3,5146.0,1618,1955,44,0.314
0,36.0,2,1.0,0.0,0.0,36,5,2,4,3111.0,2517,2367,41,0.809
0,38.0,1,0.0,3.0,0.0,30,5,3,3,10874.0,2415,4619,59,0.222
1,37.0,3,0.0,2.0,0.0,22,4,2,2,29898.0,1414,3883,68,0.047
1,49.0,3,0.0,0.0,2.0,30,4,3,2,15987.0,0,4146,69,0.0
1,49.0,2,1.0,0.0,0.0,36,3,1,3,3252.0,2517,7418,90,0.774
1,36.0,2,2.0,0.0,0.0,23,5,2,3,6966.0,905,4855,69,0.13
1,36.0,4,1.0,3.0,0.0,36,5,3,3,28200.0,765,2507,64,0.027
0,41.0,2,0.0,0.0,0.0,28,4,2,2,1478.0,524,2180,46,0.355
1,26.0,0,0.0,0.0,0.0,13,4,2,4,2063.0,1390,2602,42,0.674
1,52.0,1,1.0,2.0,0.0,43,3,1,4,3710.0,2517,1578,34,0.678
1,34.0,3,0.0,0.0,0.0,26,4,2,3,3234.0,971,3989,71,0.3
1,43.0,3,1.0,2.0,0.0,38,3,5,1,23459.0,2305,7279,83,0.098
1,47.0,2,2.0,1.0,0.0,40,5,3,2,2623.0,1647,4388,83,0.628
1,41.0,3,1.0,0.0,0.0,29,1,1,2,2890.0,2150,4377,84,0.744
1,38.0,2,1.0,0.0,0.0,31,2,3,2,14041.0,2154,1467,29,0.153
1,42.0,3,1.0,1.0,0.0,37,4,3,2,2470.0,2013,4384,82,0.815
1,33.0,3,0.0,1.0,0.0,23,1,2,3,6392.0,1429,4069,66,0.224
1,41.0,2,0.0,0.0,0.0,24,1,1,1,7207.0,1645,13730,96,0.228
1,55.0,1,1.0,0.0,0.0,46,3,3,3,1606.0,0,4548,76,0.0
1,50.0,1,2.0,1.0,0.0,33,3,5,2,19939.0,0,3342,76,0.0
1,40.0,3,0.0,0.0,0.0,30,5,1,2,1625.0,912,3968,73,0.561
1,38.0,3,0.0,0.0,0.0,36,2,3,1,1946.0,1430,4643,87,0.735
1,35.0,3,0.0,0.0,0.0,30,3,3,2,9293.0,0,2314,59,0.0
1,36.0,2,0.0,0.0,0.0,26,4,1,4,3182.0,2435,1670,30,0.765
1,54.0,1,2.0,0.0,0.0,43,4,6,4,5267.0,0,4196,81,0.0
1,36.0,1,0.0,0.0,0.0,36,6,3,1,6116.0,2517,2369,56,0.412
1,52.0,1,0.0,3.0,0.0,44,6,1,2,34516.0,0,2848,56,0.0
1,51.0,2,0.0,0.0,0.0,45,4,3,2,3183.0,1358,3988,81,0.427
1,52.0,1,1.0,2.0,1.0,44,2,1,2,34516.0,1618,11603,109,0.047
1,36.0,0,1.0,2.0,0.0,30,5,3,2,5302.0,2414,4284,74,0.455
1,45.0,3,2.0,0.0,0.0,36,1,2,2,2143.0,1479,4404,77,0.69
1,48.0,3,1.0,2.0,3.0,41,3,2,2,34516.0,1531,1156,29,0.044
1,43.0,5,1.0,1.0,0.0,31,4,1,2,7564.0,0,4743,82,0.0
1,50.0,2,1.0,1.0,0.0,36,5,3,2,5965.0,688,3382,58,0.115
1,50.0,2,1.0,1.0,0.0,36,5,4,1,2428.0,2005,5170,68,0.826
1,51.0,2,1.0,0.0,0.0,36,4,3,1,4970.0,1591,5023,78,0.32
1,41.0,5,0.0,1.0,0.0,32,6,1,2,14987.0,1425,4470,83,0.095
1,54.0,3,0.0,0.0,0.0,36,1,1,1,3173.0,1822,4883,71,0.574
1,54.0,2,0.0,0.0,0.0,43,4,3,3,6266.0,1819,1456,27,0.29
1,48.0,2,0.0,2.0,0.0,39,5,1,3,8091.0,1996,1360,28,0.247
1,55.0,5,0.0,0.0,0.0,49,6,2,1,2177.0,1472,5228,77,0.676
1,62.0,1,1.0,1.0,0.0,36,3,1,2,2796.0,0,4820,74,0.0
1,48.0,4,0.0,1.0,0.0,40,5,1,2,2514.0,2251,3942,65,0.895
1,38.0,2,0.0,0.0,0.0,28,6,2,1,3206.0,2459,3852,65,0.767
1,53.0,3,0.0,0.0,0.0,48,5,1,2,1657.0,0,4068,73,0.0
1,40.0,1,1.0,0.0,0.0,32,4,1,5,8749.0,1654,5054,73,0.189
0,52.0,3,1.0,2.0,0.0,46,4,2,3,15011.0,2517,1821,36,0.168
0,63.0,0,2.0,0.0,0.0,47,6,4,3,7306.0,0,2445,43,0.0
1,48.0,5,2.0,1.0,0.0,38,3,3,1,2926.0,716,4219,78,0.245
1,35.0,0,1.0,2.0,1.0,16,6,3,3,34516.0,0,2655,64,0.0
0,46.0,2,0.0,1.0,2.0,38,5,3,6,34516.0,2517,9314,89,0.073
1,34.0,1,1.0,0.0,0.0,28,1,6,3,2669.0,1649,4314,74,0.618
1,36.0,1,0.0,3.0,0.0,23,6,3,3,20230.0,798,4314,82,0.039
1,37.0,2,0.0,1.0,0.0,27,4,1,2,2204.0,919,4555,82,0.417
1,50.0,3,0.0,0.0,0.0,32,6,2,3,2590.0,2087,4248,73,0.806
1,44.0,2,0.0,3.0,0.0,31,2,1,3,6176.0,905,15102,95,0.147
1,58.0,3,0.0,2.0,0.0,51,2,2,1,10021.0,1952,4431,68,0.195
1,51.0,3,1.0,0.0,0.0,35,6,1,1,2141.0,1176,4317,64,0.549
1,29.0,0,2.0,0.0,0.0,36,5,2,3,5076.0,1223,2675,57,0.241
1,47.0,3,1.0,0.0,0.0,36,5,4,2,3300.0,2517,3784,55,0.763
1,36.0,2,1.0,1.0,0.0,36,2,2,1,6763.0,1660,4972,76,0.245
1,33.0,2,1.0,2.0,0.0,28,4,2,2,22399.0,1431,2390,62,0.064
1,44.0,3,0.0,1.0,0.0,34,5,3,1,8997.0,708,4558,62,0.079
0,36.0,1,0.0,0.0,0.0,24,2,1,2,1735.0,0,2467,35,0.0
1,52.0,1,1.0,2.0,0.0,44,3,3,1,34516.0,0,1737,38,0.0
1,48.0,3,0.0,2.0,0.0,44,5,1,3,16794.0,1527,4040,76,0.091
0,48.0,5,0.0,0.0,0.0,38,1,3,3,8025.0,0,673,18,0.0
1,54.0,1,1.0,2.0,0.0,48,6,1,5,12169.0,1935,1599,38,0.159
1,49.0,2,1.0,1.0,0.0,36,6,3,1,5370.0,653,4504,81,0.122
1,40.0,4,0.0,0.0,0.0,36,2,1,3,3961.0,1531,12631,100,0.387
1,58.0,2,1.0,1.0,0.0,50,4,3,3,5386.0,0,4846,84,0.0
1,45.0,5,1.0,0.0,0.0,39,5,3,2,2867.0,1209,5311,81,0.422
1,47.0,1,0.0,2.0,0.0,38,5,3,5,18432.0,1422,2748,58,0.077
1,59.0,1,0.0,0.0,0.0,45,6,3,3,9899.0,2023,4579,73,0.204
1,56.0,1,1.0,2.0,0.0,44,3,1,0,9078.0,1501,1543,34,0.165
1,54.0,4,1.0,0.0,0.0,45,6,2,2,1990.0,1747,5216,87,0.878
1,53.0,3,0.0,1.0,0.0,42,2,5,1,1438.3,0,4722,81,0.0
1,40.0,2,1.0,2.0,0.0,36,3,4,3,7840.0,0,4062,71,0.0
1,48.0,4,2.0,0.0,0.0,43,4,1,3,2357.0,1462,4534,75,0.62
0,54.0,1,1.0,0.0,0.0,40,2,3,1,1438.3,808,705,19,0.562
0,42.0,4,0.0,1.0,0.0,36,4,3,4,1871.0,0,2593,48,0.0
1,46.0,2,0.0,2.0,0.0,34,1,3,2,3841.0,1411,8444,81,0.367
1,49.0,1,0.0,0.0,0.0,35,5,2,2,1438.3,0,4109,71,0.0
1,46.0,3,0.0,0.0,1.0,33,5,2,2,12685.0,0,4454,74,0.0
1,45.0,3,0.0,2.0,0.0,34,1,2,3,26438.0,1655,8029,81,0.063
1,47.0,5,0.0,1.0,0.0,36,5,3,2,7061.0,1813,1831,60,0.257
1,45.0,3,1.0,1.0,0.0,36,3,1,3,14593.0,1504,3447,72,0.103
1,65.0,0,0.0,0.0,0.0,56,6,3,3,2279.0,1789,4091,82,0.785
1,46.0,4,0.0,0.0,0.0,36,5,1,4,3818.0,0,4272,71,0.0
1,38.0,2,1.0,1.0,0.0,36,6,2,3,2331.0,1709,4417,69,0.733
1,48.0,2,0.0,1.0,0.0,34,2,3,1,3072.0,1734,4540,78,0.564
1,43.0,4,1.0,0.0,0.0,35,3,3,0,6448.0,1464,7546,88,0.227
1,59.0,2,0.0,0.0,0.0,48,6,1,1,2338.0,1566,3964,69,0.67
1,45.0,2,1.0,0.0,0.0,36,2,3,1,3336.0,1889,13989,105,0.566
1,54.0,3,0.0,3.0,0.0,43,5,3,2,2884.0,1144,4887,90,0.397
1,55.0,2,1.0,3.0,0.0,50,3,2,0,10916.0,1536,1592,34,0.141
1,51.0,4,2.0,1.0,0.0,36,2,1,2,3451.0,2006,4097,67,0.581
1,52.0,2,1.0,1.0,0.0,40,5,3,1,1438.3,0,4700,92,0.0
1,62.0,1,0.0,0.0,0.0,54,4,2,2,1927.0,1319,4199,77,0.684
1,52.0,0,0.0,2.0,0.0,36,6,4,4,5395.0,2084,4689,69,0.386
1,58.0,0,0.0,2.0,0.0,36,6,3,2,2994.0,2351,1540,32,0.785
1,56.0,1,0.0,2.0,0.0,36,4,1,2,3906.0,1851,1839,33,0.474
1,42.0,3,0.0,0.0,0.0,38,5,2,2,3131.0,849,3108,62,0.271
0,43.0,4,0.0,0.0,0.0,36,5,3,3,3492.0,2517,2510,47,0.721
1,55.0,3,1.0,1.0,0.0,36,5,1,3,2240.0,1231,3623,71,0.55
1,47.0,4,0.0,1.0,0.0,43,4,3,4,4798.0,1017,4225,79,0.212
1,37.0,3,1.0,1.0,0.0,36,3,3,3,2031.0,0,1678,36,0.0
1,41.0,4,0.0,2.0,0.0,36,6,2,2,30030.0,2028,1828,38,0.068
1,40.0,1,0.0,1.0,0.0,28,6,2,1,11557.0,1050,4064,75,0.091
0,49.0,2,0.0,3.0,0.0,39,2,3,2,11714.0,949,5366,68,0.081
1,43.0,4,2.0,0.0,0.0,33,2,3,3,8358.0,926,1566,37,0.111
1,41.0,4,0.0,1.0,0.0,29,3,2,2,4573.0,0,3776,70,0.0
0,51.0,1,1.0,0.0,0.0,37,1,3,4,7176.0,0,1375,33,0.0
1,65.0,0,1.0,0.0,0.0,36,3,3,4,2025.0,1701,4056,71,0.84
0,46.0,4,0.0,0.0,0.0,37,5,3,3,7552.0,0,5537,63,0.0
1,61.0,0,1.0,0.0,0.0,36,2,3,3,6959.0,945,4553,84,0.136
1,46.0,5,2.0,3.0,0.0,31,1,2,2,34516.0,1802,7936,101,0.052
1,26.0,1,1.0,0.0,0.0,16,4,3,3,2751.0,1599,2270,44,0.581
1,41.0,4,0.0,0.0,0.0,30,5,2,2,9139.0,1620,4675,78,0.177
1,46.0,4,0.0,3.0,0.0,31,2,3,1,3569.0,1553,16695,116,0.435
1,65.0,0,0.0,1.0,0.0,46,6,1,3,5877.0,1697,2494,58,0.289
1,49.0,3,1.0,1.0,0.0,41,3,2,2,3585.0,931,4399,78,0.26
1,48.0,3,0.0,0.0,0.0,36,5,2,1,1438.3,0,4490,65,0.0
1,59.0,1,0.0,0.0,0.0,53,4,3,3,2716.0,1740,4208,69,0.641
1,27.0,0,0.0,1.0,0.0,17,5,1,2,4610.0,0,2280,49,0.0
1,47.0,4,1.0,0.0,0.0,35,4,2,4,1438.3,0,3778,69,0.0
1,37.0,3,0.0,0.0,0.0,36,6,4,2,1438.3,636,4824,83,0.442
1,55.0,2,0.0,1.0,0.0,36,5,3,1,1594.0,927,3851,65,0.582
1,54.0,1,1.0,3.0,0.0,44,4,3,2,2821.0,2415,1419,36,0.856
1,64.0,0,1.0,0.0,0.0,36,3,1,3,7646.0,1010,1667,47,0.132
1,45.0,3,2.0,2.0,0.0,39,6,2,2,29003.0,2323,1676,36,0.08
1,35.0,2,1.0,0.0,0.0,26,6,1,2,3269.0,1434,4672,66,0.439
1,40.0,3,0.0,1.0,0.0,21,5,1,0,4716.0,0,816,28,0.0
1,47.0,5,0.0,0.0,0.0,42,2,1,2,2519.0,1584,8852,95,0.629
1,46.0,2,1.0,2.0,0.0,39,1,1,1,29528.0,1769,14428,119,0.06
1,46.0,4,0.0,2.0,0.0,36,2,2,1,32949.0,1190,14892,113,0.036
1,59.0,0,0.0,0.0,0.0,46,6,1,2,3939.0,2517,1489,34,0.639
1,37.0,3,2.0,0.0,0.0,26,5,3,2,1910.0,1164,2028,39,0.609
1,39.0,2,0.0,0.0,0.0,35,5,3,3,9235.0,1479,1537,49,0.16
1,30.0,0,0.0,1.0,0.0,23,3,3,2,5146.0,1773,1509,45,0.345
0,55.0,3,1.0,1.0,0.0,46,2,4,2,4178.0,0,7914,54,0.0
1,45.0,3,1.0,0.0,0.0,36,3,3,4,11189.0,2517,2959,58,0.225
1,44.0,2,0.0,1.0,0.0,36,3,3,2,3843.0,1460,16461,105,0.38
1,51.0,0,1.0,3.0,1.0,35,5,1,2,34516.0,2332,4587,82,0.068
0,30.0,0,1.0,1.0,0.0,24,6,2,2,4109.0,0,8642,77,0.0
1,31.0,0,1.0,2.0,0.0,36,2,3,3,32791.0,1607,13177,106,0.049
1,51.0,2,1.0,0.0,0.0,36,4,3,4,5062.0,1659,4243,102,0.328
1,39.0,2,1.0,1.0,0.0,35,4,3,2,7410.0,2517,2398,37,0.34
1,59.0,0,0.0,0.0,0.0,44,2,1,1,3790.0,1149,4455,85,0.303
1,51.0,1,1.0,1.0,0.0,44,4,2,1,1438.3,0,2207,68,0.0
1,44.0,4,0.0,0.0,0.0,36,3,2,0,9908.0,2066,3749,80,0.209
1,48.0,2,1.0,0.0,0.0,43,2,3,3,7791.0,1472,13945,107,0.189
1,36.0,1,1.0,1.0,0.0,25,6,3,3,1888.0,0,1886,66,0.0
1,37.0,2,0.0,0.0,0.0,26,4,2,2,2586.0,835,4883,73,0.323
1,36.0,2,0.0,0.0,0.0,23,3,1,0,1954.0,1179,3896,67,0.603
1,47.0,4,0.0,2.0,0.0,32,3,3,2,34010.0,1340,1739,39,0.039
1,41.0,4,0.0,2.0,0.0,28,3,2,3,34516.0,0,3811,61,0.0
1,53.0,3,0.0,2.0,0.0,43,4,3,4,34516.0,1084,14319,124,0.031
1,58.0,2,0.0,2.0,0.0,54,6,3,2,22981.0,1696,4192,66,0.074
1,53.0,3,0.0,3.0,0.0,40,6,2,5,4182.0,741,1297,24,0.177
1,46.0,5,1.0,0.0,0.0,38,4,5,2,2799.0,2412,4634,91,0.862
1,37.0,2,0.0,1.0,0.0,31,6,3,4,3216.0,0,4039,81,0.0
1,40.0,4,1.0,0.0,0.0,30,4,2,2,2558.0,0,4635,82,0.0
1,38.0,2,1.0,2.0,0.0,24,4,1,5,17162.0,773,2457,54,0.045
0,44.0,2,1.0,0.0,0.0,36,3,2,3,1880.0,0,2469,34,0.0
1,45.0,4,0.0,1.0,0.0,38,4,3,3,1862.0,845,3520,68,0.454
1,49.0,3,1.0,3.0,0.0,36,5,2,4,34516.0,0,1793,44,0.0
1,48.0,3,0.0,1.0,0.0,34,5,1,2,11191.0,0,3914,71,0.0
1,45.0,4,1.0,2.0,0.0,31,4,3,3,31978.0,1659,2333,51,0.052
1,36.0,3,0.0,1.0,0.0,30,5,2,3,13080.0,0,1999,44,0.0
1,45.0,4,1.0,0.0,0.0,36,5,1,2,3349.0,2517,4405,55,0.752
1,40.0,2,1.0,3.0,0.0,33,3,1,2,20891.0,1213,14641,117,0.058
1,35.0,2,0.0,1.0,0.0,16,6,3,2,18278.0,0,2084,61,0.0
1,43.0,2,1.0,2.0,0.0,28,5,6,3,30357.0,1255,4435,68,0.041
1,47.0,3,1.0,1.0,0.0,41,1,2,1,6443.0,2073,9277,92,0.322
1,48.0,3,0.0,1.0,0.0,42,6,1,1,3743.0,2090,4674,67,0.558
1,39.0,2,0.0,0.0,0.0,36,3,2,3,2370.0,2031,4000,79,0.857
1,56.0,5,1.0,0.0,0.0,36,5,4,4,3088.0,2517,2292,54,0.815
1,53.0,4,1.0,1.0,0.0,42,3,3,3,3096.0,0,4709,87,0.0
1,32.0,1,1.0,2.0,0.0,36,5,3,4,34516.0,0,2305,60,0.0
1,52.0,3,1.0,0.0,0.0,39,4,3,3,2001.0,909,4238,63,0.454
1,59.0,0,1.0,1.0,0.0,48,4,2,2,1638.0,0,1536,44,0.0
1,56.0,1,0.0,0.0,0.0,50,4,4,1,1698.0,0,4371,74,0.0
1,41.0,3,1.0,2.0,0.0,31,3,2,2,9959.0,1946,15594,114,0.195
1,50.0,0,0.0,0.0,0.0,43,6,4,2,2670.0,1944,4491,65,0.728
1,32.0,1,0.0,1.0,0.0,24,4,2,2,4116.0,1223,1657,38,0.297
1,51.0,1,1.0,0.0,0.0,37,4,3,4,4402.0,697,3325,76,0.158
1,32.0,2,1.0,2.0,0.0,26,5,1,3,29961.0,789,2337,69,0.026
1,40.0,2,0.0,3.0,0.0,27,5,3,1,12248.0,1323,4806,91,0.108
1,42.0,4,0.0,0.0,0.0,38,6,3,2,10039.0,1600,4685,76,0.159
1,42.0,4,1.0,2.0,0.0,35,3,2,2,18274.0,1623,3886,81,0.089
1,49.0,0,0.0,2.0,0.0,36,5,3,4,16156.0,2517,4160,81,0.156
1,51.0,2,2.0,3.0,0.0,45,5,2,1,3173.0,2517,4030,73,0.793
1,45.0,3,1.0,1.0,0.0,39,4,4,0,1765.0,1694,4803,72,0.96
1,56.0,2,0.0,1.0,0.0,50,5,2,2,5084.0,1683,4060,55,0.331
1,45.0,5,1.0,2.0,0.0,35,4,2,1,33755.0,2301,3458,71,0.068
1,28.0,1,0.0,1.0,0.0,15,5,2,4,9283.0,2288,13804,110,0.246
1,47.0,3,0.0,0.0,0.0,36,5,1,1,1438.3,0,4443,86,0.0
1,42.0,3,0.0,3.0,0.0,36,3,1,2,19156.0,1353,3547,61,0.071
1,47.0,2,1.0,1.0,1.0,32,4,2,2,34516.0,1468,1330,32,0.043
1,48.0,3,1.0,1.0,0.0,41,4,1,3,9336.0,1672,1391,39,0.179
1,45.0,2,1.0,0.0,0.0,29,2,2,3,1438.3,0,5025,85,0.0
1,45.0,2,1.0,0.0,0.0,33,6,3,3,3855.0,1188,3885,83,0.308
1,47.0,4,0.0,1.0,0.0,36,3,3,3,17557.0,0,2142,62,0.0
1,51.0,4,1.0,0.0,0.0,39,3,2,1,2847.0,2082,3672,59,0.731
1,50.0,3,0.0,0.0,0.0,44,2,2,1,1596.0,1185,5235,76,0.742
1,42.0,1,0.0,0.0,0.0,37,3,3,0,1438.3,0,4154,78,0.0
1,49.0,1,0.0,0.0,0.0,38,6,2,1,3343.0,1820,4507,63,0.544
1,55.0,4,1.0,0.0,0.0,36,5,3,3,7790.0,753,4835,84,0.097
1,55.0,2,1.0,1.0,0.0,36,5,3,3,2653.0,0,5052,81,0.0
1,48.0,4,1.0,1.0,2.0,36,1,6,1,34516.0,0,7396,100,0.0
1,46.0,4,1.0,0.0,0.0,34,5,1,2,7562.0,1500,14908,100,0.198
1,47.0,3,0.0,1.0,0.0,41,4,3,3,3788.0,1540,1594,47,0.407
1,60.0,1,1.0,0.0,0.0,53,5,5,3,2903.0,1251,4555,76,0.431
1,35.0,3,1.0,1.0,0.0,36,4,1,4,7234.0,2000,4272,83,0.276
1,37.0,3,1.0,1.0,0.0,36,5,2,0,5987.0,1405,4011,72,0.235
1,45.0,4,0.0,0.0,0.0,39,6,3,1,1438.3,0,4596,71,0.0
1,48.0,3,0.0,0.0,0.0,36,4,1,2,3716.0,0,4833,73,0.0
1,33.0,1,1.0,1.0,0.0,14,3,2,2,6746.0,1750,2962,54,0.259
1,48.0,5,0.0,1.0,0.0,36,4,1,2,4100.0,1956,3584,61,0.477
1,49.0,2,1.0,0.0,0.0,39,2,3,3,2821.0,1995,8220,103,0.707
1,45.0,2,1.0,0.0,0.0,34,4,1,2,1438.3,877,4283,76,0.61
1,37.0,2,0.0,0.0,0.0,36,3,2,1,2346.0,1621,4287,79,0.691
1,51.0,1,1.0,0.0,0.0,40,3,3,0,2774.0,1362,4802,91,0.491
1,53.0,1,1.0,0.0,0.0,36,3,1,3,17054.0,0,4659,72,0.0
1,58.0,1,0.0,1.0,0.0,36,3,2,5,2165.0,1135,1541,33,0.524
1,44.0,5,1.0,0.0,0.0,34,4,1,2,2096.0,1711,3692,68,0.816
1,43.0,4,1.0,2.0,0.0,36,4,1,2,32733.0,1448,3452,54,0.044
1,45.0,4,0.0,2.0,0.0,35,5,2,3,9852.0,2277,3813,71,0.231
1,54.0,3,1.0,3.0,0.0,46,3,1,3,34516.0,854,1999,54,0.025
1,44.0,4,0.0,2.0,1.0,25,3,1,1,34516.0,1984,14335,116,0.057
1,40.0,3,1.0,0.0,1.0,36,2,1,0,10729.0,0,14364,108,0.0
1,34.0,0,1.0,1.0,0.0,26,4,3,3,5175.0,977,2405,49,0.189
